STRUCTURE,STRUCTURE_ID,STRUCTURE_NAME,freq,Time frequency,unit,Unit of measure,geo,Geopolitical entity (reporting),TIME_PERIOD,Time,OBS_VALUE,Observation value,OBS_FLAG,Observation status (Flag) V2 structure,CONF_STATUS,Confidentiality status (flag)
dataflow,ESTAT:SDG_11_60(1.0),Recycling rate of municipal waste,A,Annual,PC,Percentage,AL,Albania,2020,,18.1,,,,,
dataflow,ESTAT:SDG_11_60(1.0),Recycling rate of municipal waste,A,Annual,PC,Percentage,AL,Albania,2021,,18.7,,,,,
dataflow,ESTAT:SDG_11_60(1.0),Recycling rate of municipal waste,A,Annual,PC,Percentage,AL,Albania,2022,,18.9,,,,,
dataflow,ESTAT:SDG_11_60(1.0),Recycling rate of municipal waste,A,Annual,PC,Percentage,AL,Albania,2023,,18.8,,,,,
dataflow,ESTAT:SDG_11_60(1.0),Recycling rate of municipal waste,A,Annual,PC,Percentage,AT,Austria,2000,,63.4,,,,,
dataflow,ESTAT:SDG_11_60(1.0),Recycling rate of municipal waste,A,Annual,PC,Percentage,AT,Austria,2001,,64.3,,e,estimated,,
dataflow,ESTAT:SDG_11_60(1.0),Recycling rate of municipal waste,A,Annual,PC,Percentage,AT,Austria,2002,,62.5,,e,estimated,,
dataflow,ESTAT:SDG_11_60(1.0),Recycling rate of municipal waste,A,Annual,PC,Percentage,AT,Austria,2003,,64.2,,e,estimated,,
dataflow,ESTAT:SDG_11_60(1.0),Recycling rate of municipal waste,A,Annual,PC,Percentage,AT,Austria,2004,,57.4,,,,,
dataflow,ESTAT:SDG_11_60(1.0),Recycling rate of municipal waste,A,Annual,PC,Percentage,AT,Austria,2005,,58.3,,e,estimated,,
dataflow,ESTAT:SDG_11_60(1.0),Recycling rate of municipal waste,A,Annual,PC,Percentage,AT,Austria,2006,,59.2,,,,,
dataflow,ESTAT:SDG_11_60(1.0),Recycling rate of municipal waste,A,Annual,PC,Percentage,AT,Austria,2007,,60.2,,,,,
dataflow,ESTAT:SDG_11_60(1.0),Recycling rate of municipal waste,A,Annual,PC,Percentage,AT,Austria,2008,,63.2,,,,,
dataflow,ESTAT:SDG_11_60(1.0),Recycling rate of municipal waste,A,Annual,PC,Percentage,AT,Austria,2009,,61.9,,,,,
dataflow,ESTAT:SDG_11_60(1.0),Recycling rate of municipal waste,A,Annual,PC,Percentage,AT,Austria,2010,,59.4,,,,,
dataflow,ESTAT:SDG_11_60(1.0),Recycling rate of municipal waste,A,Annual,PC,Percentage,AT,Austria,2011,,56.7,,,,,
dataflow,ESTAT:SDG_11_60(1.0),Recycling rate of municipal waste,A,Annual,PC,Percentage,AT,Austria,2012,,57.7,,,,,
dataflow,ESTAT:SDG_11_60(1.0),Recycling rate of municipal waste,A,Annual,PC,Percentage,AT,Austria,2013,,57.7,,,,,
dataflow,ESTAT:SDG_11_60(1.0),Recycling rate of municipal waste,A,Annual,PC,Percentage,AT,Austria,2014,,56.3,,,,,
dataflow,ESTAT:SDG_11_60(1.0),Recycling rate of municipal waste,A,Annual,PC,Percentage,AT,Austria,2015,,56.9,,,,,
dataflow,ESTAT:SDG_11_60(1.0),Recycling rate of municipal waste,A,Annual,PC,Percentage,AT,Austria,2016,,57.6,,,,,
dataflow,ESTAT:SDG_11_60(1.0),Recycling rate of municipal waste,A,Annual,PC,Percentage,AT,Austria,2017,,57.8,,,,,
dataflow,ESTAT:SDG_11_60(1.0),Recycling rate of municipal waste,A,Annual,PC,Percentage,AT,Austria,2018,,57.7,,,,,
dataflow,ESTAT:SDG_11_60(1.0),Recycling rate of municipal waste,A,Annual,PC,Percentage,AT,Austria,2019,,58.2,,,,,
dataflow,ESTAT:SDG_11_60(1.0),Recycling rate of municipal waste,A,Annual,PC,Percentage,AT,Austria,2020,,62.3,,b,break in time series,,
dataflow,ESTAT:SDG_11_60(1.0),Recycling rate of municipal waste,A,Annual,PC,Percentage,AT,Austria,2021,,62.5,,,,,
dataflow,ESTAT:SDG_11_60(1.0),Recycling rate of municipal waste,A,Annual,PC,Percentage,AT,Austria,2022,,62.6,,,,,
dataflow,ESTAT:SDG_11_60(1.0),Recycling rate of municipal waste,A,Annual,PC,Percentage,AT,Austria,2023,,62.8,,,,,
dataflow,ESTAT:SDG_11_60(1.0),Recycling rate of municipal waste,A,Annual,PC,Percentage,BA,Bosnia and Herzegovina,2008,,0.0,,,,,
dataflow,ESTAT:SDG_11_60(1.0),Recycling rate of municipal waste,A,Annual,PC,Percentage,BA,Bosnia and Herzegovina,2009,,0.0,,,,,
dataflow,ESTAT:SDG_11_60(1.0),Recycling rate of municipal waste,A,Annual,PC,Percentage,BA,Bosnia and Herzegovina,2010,,0.0,,,,,
dataflow,ESTAT:SDG_11_60(1.0),Recycling rate of municipal waste,A,Annual,PC,Percentage,BA,Bosnia and Herzegovina,2011,,0.0,,,,,
dataflow,ESTAT:SDG_11_60(1.0),Recycling rate of municipal waste,A,Annual,PC,Percentage,BA,Bosnia and Herzegovina,2012,,0.0,,,,,
dataflow,ESTAT:SDG_11_60(1.0),Recycling rate of municipal waste,A,Annual,PC,Percentage,BA,Bosnia and Herzegovina,2013,,0.0,,,,,
dataflow,ESTAT:SDG_11_60(1.0),Recycling rate of municipal waste,A,Annual,PC,Percentage,BA,Bosnia and Herzegovina,2014,,0.0,,,,,
dataflow,ESTAT:SDG_11_60(1.0),Recycling rate of municipal waste,A,Annual,PC,Percentage,BA,Bosnia and Herzegovina,2015,,0.0,,,,,
dataflow,ESTAT:SDG_11_60(1.0),Recycling rate of municipal waste,A,Annual,PC,Percentage,BA,Bosnia and Herzegovina,2016,,0.0,,,,,
dataflow,ESTAT:SDG_11_60(1.0),Recycling rate of municipal waste,A,Annual,PC,Percentage,BA,Bosnia and Herzegovina,2017,,0.0,,,,,
dataflow,ESTAT:SDG_11_60(1.0),Recycling rate of municipal waste,A,Annual,PC,Percentage,BA,Bosnia and Herzegovina,2023,,1.0,,e,estimated,,
dataflow,ESTAT:SDG_11_60(1.0),Recycling rate of municipal waste,A,Annual,PC,Percentage,BE,Belgium,2000,,49.7,,,,,
dataflow,ESTAT:SDG_11_60(1.0),Recycling rate of municipal waste,A,Annual,PC,Percentage,BE,Belgium,2001,,50.4,,,,,
dataflow,ESTAT:SDG_11_60(1.0),Recycling rate of municipal waste,A,Annual,PC,Percentage,BE,Belgium,2002,,51.5,,,,,
dataflow,ESTAT:SDG_11_60(1.0),Recycling rate of municipal waste,A,Annual,PC,Percentage,BE,Belgium,2003,,52.9,,,,,
dataflow,ESTAT:SDG_11_60(1.0),Recycling rate of municipal waste,A,Annual,PC,Percentage,BE,Belgium,2004,,53.5,,,,,
dataflow,ESTAT:SDG_11_60(1.0),Recycling rate of municipal waste,A,Annual,PC,Percentage,BE,Belgium,2005,,55.6,,,,,
dataflow,ESTAT:SDG_11_60(1.0),Recycling rate of municipal waste,A,Annual,PC,Percentage,BE,Belgium,2006,,56.1,,,,,
dataflow,ESTAT:SDG_11_60(1.0),Recycling rate of municipal waste,A,Annual,PC,Percentage,BE,Belgium,2007,,56.8,,,,,
dataflow,ESTAT:SDG_11_60(1.0),Recycling rate of municipal waste,A,Annual,PC,Percentage,BE,Belgium,2008,,52.7,,,,,
dataflow,ESTAT:SDG_11_60(1.0),Recycling rate of municipal waste,A,Annual,PC,Percentage,BE,Belgium,2009,,53.9,,,,,
dataflow,ESTAT:SDG_11_60(1.0),Recycling rate of municipal waste,A,Annual,PC,Percentage,BE,Belgium,2010,,54.8,,,,,
dataflow,ESTAT:SDG_11_60(1.0),Recycling rate of municipal waste,A,Annual,PC,Percentage,BE,Belgium,2011,,54.4,,,,,
dataflow,ESTAT:SDG_11_60(1.0),Recycling rate of municipal waste,A,Annual,PC,Percentage,BE,Belgium,2012,,53.4,,,,,
dataflow,ESTAT:SDG_11_60(1.0),Recycling rate of municipal waste,A,Annual,PC,Percentage,BE,Belgium,2013,,52.8,,,,,
dataflow,ESTAT:SDG_11_60(1.0),Recycling rate of municipal waste,A,Annual,PC,Percentage,BE,Belgium,2014,,53.8,,,,,
dataflow,ESTAT:SDG_11_60(1.0),Recycling rate of municipal waste,A,Annual,PC,Percentage,BE,Belgium,2015,,53.5,,,,,
dataflow,ESTAT:SDG_11_60(1.0),Recycling rate of municipal waste,A,Annual,PC,Percentage,BE,Belgium,2016,,53.5,,,,,
dataflow,ESTAT:SDG_11_60(1.0),Recycling rate of municipal waste,A,Annual,PC,Percentage,BE,Belgium,2017,,53.9,,,,,
dataflow,ESTAT:SDG_11_60(1.0),Recycling rate of municipal waste,A,Annual,PC,Percentage,BE,Belgium,2018,,54.4,,,,,
dataflow,ESTAT:SDG_11_60(1.0),Recycling rate of municipal waste,A,Annual,PC,Percentage,BE,Belgium,2019,,54.7,,,,,
dataflow,ESTAT:SDG_11_60(1.0),Recycling rate of municipal waste,A,Annual,PC,Percentage,BE,Belgium,2020,,51.4,,,,,
dataflow,ESTAT:SDG_11_60(1.0),Recycling rate of municipal waste,A,Annual,PC,Percentage,BE,Belgium,2021,,55.5,,,,,
dataflow,ESTAT:SDG_11_60(1.0),Recycling rate of municipal waste,A,Annual,PC,Percentage,BE,Belgium,2022,,54.7,,,,,
dataflow,ESTAT:SDG_11_60(1.0),Recycling rate of municipal waste,A,Annual,PC,Percentage,BE,Belgium,2023,,55.8,,,,,
dataflow,ESTAT:SDG_11_60(1.0),Recycling rate of municipal waste,A,Annual,PC,Percentage,BG,Bulgaria,2000,,15.5,,e,estimated,,
dataflow,ESTAT:SDG_11_60(1.0),Recycling rate of municipal waste,A,Annual,PC,Percentage,BG,Bulgaria,2001,,16.1,,e,estimated,,
dataflow,ESTAT:SDG_11_60(1.0),Recycling rate of municipal waste,A,Annual,PC,Percentage,BG,Bulgaria,2002,,16.3,,e,estimated,,
dataflow,ESTAT:SDG_11_60(1.0),Recycling rate of municipal waste,A,Annual,PC,Percentage,BG,Bulgaria,2003,,16.5,,e,estimated,,
dataflow,ESTAT:SDG_11_60(1.0),Recycling rate of municipal waste,A,Annual,PC,Percentage,BG,Bulgaria,2004,,17.2,,be,"break in time series, estimated",,
dataflow,ESTAT:SDG_11_60(1.0),Recycling rate of municipal waste,A,Annual,PC,Percentage,BG,Bulgaria,2005,,18.3,,e,estimated,,
dataflow,ESTAT:SDG_11_60(1.0),Recycling rate of municipal waste,A,Annual,PC,Percentage,BG,Bulgaria,2006,,19.1,,e,estimated,,
dataflow,ESTAT:SDG_11_60(1.0),Recycling rate of municipal waste,A,Annual,PC,Percentage,BG,Bulgaria,2007,,20.6,,e,estimated,,
dataflow,ESTAT:SDG_11_60(1.0),Recycling rate of municipal waste,A,Annual,PC,Percentage,BG,Bulgaria,2008,,19.4,,e,estimated,,
dataflow,ESTAT:SDG_11_60(1.0),Recycling rate of municipal waste,A,Annual,PC,Percentage,BG,Bulgaria,2009,,19.9,,e,estimated,,
dataflow,ESTAT:SDG_11_60(1.0),Recycling rate of municipal waste,A,Annual,PC,Percentage,BG,Bulgaria,2010,,24.5,,,,,
dataflow,ESTAT:SDG_11_60(1.0),Recycling rate of municipal waste,A,Annual,PC,Percentage,BG,Bulgaria,2011,,26.2,,,,,
dataflow,ESTAT:SDG_11_60(1.0),Recycling rate of municipal waste,A,Annual,PC,Percentage,BG,Bulgaria,2012,,25.0,,,,,
dataflow,ESTAT:SDG_11_60(1.0),Recycling rate of municipal waste,A,Annual,PC,Percentage,BG,Bulgaria,2013,,28.5,,,,,
dataflow,ESTAT:SDG_11_60(1.0),Recycling rate of municipal waste,A,Annual,PC,Percentage,BG,Bulgaria,2014,,23.1,,,,,
dataflow,ESTAT:SDG_11_60(1.0),Recycling rate of municipal waste,A,Annual,PC,Percentage,BG,Bulgaria,2015,,29.4,,,,,
dataflow,ESTAT:SDG_11_60(1.0),Recycling rate of municipal waste,A,Annual,PC,Percentage,BG,Bulgaria,2016,,31.8,,,,,
dataflow,ESTAT:SDG_11_60(1.0),Recycling rate of municipal waste,A,Annual,PC,Percentage,BG,Bulgaria,2017,,34.6,,,,,
dataflow,ESTAT:SDG_11_60(1.0),Recycling rate of municipal waste,A,Annual,PC,Percentage,BG,Bulgaria,2018,,31.5,,,,,
dataflow,ESTAT:SDG_11_60(1.0),Recycling rate of municipal waste,A,Annual,PC,Percentage,BG,Bulgaria,2019,,34.6,,i,value imputed by Eurostat or other receiving agencies,,
dataflow,ESTAT:SDG_11_60(1.0),Recycling rate of municipal waste,A,Annual,PC,Percentage,BG,Bulgaria,2020,,35.2,,,,,
dataflow,ESTAT:SDG_11_60(1.0),Recycling rate of municipal waste,A,Annual,PC,Percentage,BG,Bulgaria,2021,,28.2,,,,,
dataflow,ESTAT:SDG_11_60(1.0),Recycling rate of municipal waste,A,Annual,PC,Percentage,BG,Bulgaria,2022,,24.6,,,,,
dataflow,ESTAT:SDG_11_60(1.0),Recycling rate of municipal waste,A,Annual,PC,Percentage,BG,Bulgaria,2023,,16.7,,,,,
dataflow,ESTAT:SDG_11_60(1.0),Recycling rate of municipal waste,A,Annual,PC,Percentage,CH,Switzerland,2000,,45.3,,,,,
dataflow,ESTAT:SDG_11_60(1.0),Recycling rate of municipal waste,A,Annual,PC,Percentage,CH,Switzerland,2001,,46.6,,,,,
dataflow,ESTAT:SDG_11_60(1.0),Recycling rate of municipal waste,A,Annual,PC,Percentage,CH,Switzerland,2002,,46.7,,,,,
dataflow,ESTAT:SDG_11_60(1.0),Recycling rate of municipal waste,A,Annual,PC,Percentage,CH,Switzerland,2003,,47.5,,,,,
dataflow,ESTAT:SDG_11_60(1.0),Recycling rate of municipal waste,A,Annual,PC,Percentage,CH,Switzerland,2004,,48.7,,,,,
dataflow,ESTAT:SDG_11_60(1.0),Recycling rate of municipal waste,A,Annual,PC,Percentage,CH,Switzerland,2005,,50.6,,,,,
dataflow,ESTAT:SDG_11_60(1.0),Recycling rate of municipal waste,A,Annual,PC,Percentage,CH,Switzerland,2006,,50.1,,,,,
dataflow,ESTAT:SDG_11_60(1.0),Recycling rate of municipal waste,A,Annual,PC,Percentage,CH,Switzerland,2007,,51.0,,,,,
dataflow,ESTAT:SDG_11_60(1.0),Recycling rate of municipal waste,A,Annual,PC,Percentage,CH,Switzerland,2008,,49.9,,,,,
dataflow,ESTAT:SDG_11_60(1.0),Recycling rate of municipal waste,A,Annual,PC,Percentage,CH,Switzerland,2009,,51.3,,,,,
dataflow,ESTAT:SDG_11_60(1.0),Recycling rate of municipal waste,A,Annual,PC,Percentage,CH,Switzerland,2010,,50.5,,,,,
dataflow,ESTAT:SDG_11_60(1.0),Recycling rate of municipal waste,A,Annual,PC,Percentage,CH,Switzerland,2011,,50.1,,,,,
dataflow,ESTAT:SDG_11_60(1.0),Recycling rate of municipal waste,A,Annual,PC,Percentage,CH,Switzerland,2012,,50.0,,e,estimated,,
dataflow,ESTAT:SDG_11_60(1.0),Recycling rate of municipal waste,A,Annual,PC,Percentage,CH,Switzerland,2013,,51.0,,e,estimated,,
dataflow,ESTAT:SDG_11_60(1.0),Recycling rate of municipal waste,A,Annual,PC,Percentage,CH,Switzerland,2014,,53.5,,be,"break in time series, estimated",,
dataflow,ESTAT:SDG_11_60(1.0),Recycling rate of municipal waste,A,Annual,PC,Percentage,CH,Switzerland,2015,,52.7,,e,estimated,,
dataflow,ESTAT:SDG_11_60(1.0),Recycling rate of municipal waste,A,Annual,PC,Percentage,CH,Switzerland,2016,,52.5,,e,estimated,,
dataflow,ESTAT:SDG_11_60(1.0),Recycling rate of municipal waste,A,Annual,PC,Percentage,CH,Switzerland,2017,,52.5,,e,estimated,,
dataflow,ESTAT:SDG_11_60(1.0),Recycling rate of municipal waste,A,Annual,PC,Percentage,CH,Switzerland,2018,,52.5,,e,estimated,,
dataflow,ESTAT:SDG_11_60(1.0),Recycling rate of municipal waste,A,Annual,PC,Percentage,CH,Switzerland,2019,,53.0,,e,estimated,,
dataflow,ESTAT:SDG_11_60(1.0),Recycling rate of municipal waste,A,Annual,PC,Percentage,CH,Switzerland,2020,,52.8,,,,,
dataflow,ESTAT:SDG_11_60(1.0),Recycling rate of municipal waste,A,Annual,PC,Percentage,CH,Switzerland,2021,,52.3,,,,,
dataflow,ESTAT:SDG_11_60(1.0),Recycling rate of municipal waste,A,Annual,PC,Percentage,CH,Switzerland,2022,,52.2,,,,,
dataflow,ESTAT:SDG_11_60(1.0),Recycling rate of municipal waste,A,Annual,PC,Percentage,CH,Switzerland,2023,,52.0,,,,,
dataflow,ESTAT:SDG_11_60(1.0),Recycling rate of municipal waste,A,Annual,PC,Percentage,CY,Cyprus,2000,,3.0,,,,,
dataflow,ESTAT:SDG_11_60(1.0),Recycling rate of municipal waste,A,Annual,PC,Percentage,CY,Cyprus,2001,,3.1,,,,,
dataflow,ESTAT:SDG_11_60(1.0),Recycling rate of municipal waste,A,Annual,PC,Percentage,CY,Cyprus,2002,,3.2,,,,,
dataflow,ESTAT:SDG_11_60(1.0),Recycling rate of municipal waste,A,Annual,PC,Percentage,CY,Cyprus,2003,,3.1,,,,,
dataflow,ESTAT:SDG_11_60(1.0),Recycling rate of municipal waste,A,Annual,PC,Percentage,CY,Cyprus,2004,,3.2,,,,,
dataflow,ESTAT:SDG_11_60(1.0),Recycling rate of municipal waste,A,Annual,PC,Percentage,CY,Cyprus,2005,,3.7,,,,,
dataflow,ESTAT:SDG_11_60(1.0),Recycling rate of municipal waste,A,Annual,PC,Percentage,CY,Cyprus,2006,,4.4,,b,break in time series,,
dataflow,ESTAT:SDG_11_60(1.0),Recycling rate of municipal waste,A,Annual,PC,Percentage,CY,Cyprus,2007,,5.2,,,,,
dataflow,ESTAT:SDG_11_60(1.0),Recycling rate of municipal waste,A,Annual,PC,Percentage,CY,Cyprus,2008,,7.5,,,,,
dataflow,ESTAT:SDG_11_60(1.0),Recycling rate of municipal waste,A,Annual,PC,Percentage,CY,Cyprus,2009,,8.3,,,,,
dataflow,ESTAT:SDG_11_60(1.0),Recycling rate of municipal waste,A,Annual,PC,Percentage,CY,Cyprus,2010,,11.2,,,,,
dataflow,ESTAT:SDG_11_60(1.0),Recycling rate of municipal waste,A,Annual,PC,Percentage,CY,Cyprus,2011,,11.2,,,,,
dataflow,ESTAT:SDG_11_60(1.0),Recycling rate of municipal waste,A,Annual,PC,Percentage,CY,Cyprus,2012,,12.8,,,,,
dataflow,ESTAT:SDG_11_60(1.0),Recycling rate of municipal waste,A,Annual,PC,Percentage,CY,Cyprus,2013,,13.9,,,,,
dataflow,ESTAT:SDG_11_60(1.0),Recycling rate of municipal waste,A,Annual,PC,Percentage,CY,Cyprus,2014,,14.8,,,,,
dataflow,ESTAT:SDG_11_60(1.0),Recycling rate of municipal waste,A,Annual,PC,Percentage,CY,Cyprus,2015,,16.7,,,,,
dataflow,ESTAT:SDG_11_60(1.0),Recycling rate of municipal waste,A,Annual,PC,Percentage,CY,Cyprus,2016,,16.3,,,,,
dataflow,ESTAT:SDG_11_60(1.0),Recycling rate of municipal waste,A,Annual,PC,Percentage,CY,Cyprus,2017,,16.5,,,,,
dataflow,ESTAT:SDG_11_60(1.0),Recycling rate of municipal waste,A,Annual,PC,Percentage,CY,Cyprus,2018,,16.8,,,,,
dataflow,ESTAT:SDG_11_60(1.0),Recycling rate of municipal waste,A,Annual,PC,Percentage,CY,Cyprus,2019,,16.9,,,,,
dataflow,ESTAT:SDG_11_60(1.0),Recycling rate of municipal waste,A,Annual,PC,Percentage,CY,Cyprus,2020,,17.0,,,,,
dataflow,ESTAT:SDG_11_60(1.0),Recycling rate of municipal waste,A,Annual,PC,Percentage,CY,Cyprus,2021,,14.0,,,,,
dataflow,ESTAT:SDG_11_60(1.0),Recycling rate of municipal waste,A,Annual,PC,Percentage,CY,Cyprus,2022,,14.8,,,,,
dataflow,ESTAT:SDG_11_60(1.0),Recycling rate of municipal waste,A,Annual,PC,Percentage,CY,Cyprus,2023,,16.0,,p,provisional,,
dataflow,ESTAT:SDG_11_60(1.0),Recycling rate of municipal waste,A,Annual,PC,Percentage,CZ,Czechia,2000,,0.9,,,,,
dataflow,ESTAT:SDG_11_60(1.0),Recycling rate of municipal waste,A,Annual,PC,Percentage,CZ,Czechia,2001,,0.9,,b,break in time series,,
dataflow,ESTAT:SDG_11_60(1.0),Recycling rate of municipal waste,A,Annual,PC,Percentage,CZ,Czechia,2002,,0.9,,,,,
dataflow,ESTAT:SDG_11_60(1.0),Recycling rate of municipal waste,A,Annual,PC,Percentage,CZ,Czechia,2003,,0.9,,,,,
dataflow,ESTAT:SDG_11_60(1.0),Recycling rate of municipal waste,A,Annual,PC,Percentage,CZ,Czechia,2004,,5.5,,be,"break in time series, estimated",,
dataflow,ESTAT:SDG_11_60(1.0),Recycling rate of municipal waste,A,Annual,PC,Percentage,CZ,Czechia,2005,,6.2,,e,estimated,,
dataflow,ESTAT:SDG_11_60(1.0),Recycling rate of municipal waste,A,Annual,PC,Percentage,CZ,Czechia,2006,,7.4,,e,estimated,,
dataflow,ESTAT:SDG_11_60(1.0),Recycling rate of municipal waste,A,Annual,PC,Percentage,CZ,Czechia,2007,,10.1,,e,estimated,,
dataflow,ESTAT:SDG_11_60(1.0),Recycling rate of municipal waste,A,Annual,PC,Percentage,CZ,Czechia,2008,,10.4,,e,estimated,,
dataflow,ESTAT:SDG_11_60(1.0),Recycling rate of municipal waste,A,Annual,PC,Percentage,CZ,Czechia,2009,,12.4,,e,estimated,,
dataflow,ESTAT:SDG_11_60(1.0),Recycling rate of municipal waste,A,Annual,PC,Percentage,CZ,Czechia,2010,,15.8,,e,estimated,,
dataflow,ESTAT:SDG_11_60(1.0),Recycling rate of municipal waste,A,Annual,PC,Percentage,CZ,Czechia,2011,,16.9,,e,estimated,,
dataflow,ESTAT:SDG_11_60(1.0),Recycling rate of municipal waste,A,Annual,PC,Percentage,CZ,Czechia,2012,,23.2,,e,estimated,,
dataflow,ESTAT:SDG_11_60(1.0),Recycling rate of municipal waste,A,Annual,PC,Percentage,CZ,Czechia,2013,,24.2,,e,estimated,,
dataflow,ESTAT:SDG_11_60(1.0),Recycling rate of municipal waste,A,Annual,PC,Percentage,CZ,Czechia,2014,,25.4,,e,estimated,,
dataflow,ESTAT:SDG_11_60(1.0),Recycling rate of municipal waste,A,Annual,PC,Percentage,CZ,Czechia,2015,,29.7,,e,estimated,,
dataflow,ESTAT:SDG_11_60(1.0),Recycling rate of municipal waste,A,Annual,PC,Percentage,CZ,Czechia,2016,,33.6,,e,estimated,,
dataflow,ESTAT:SDG_11_60(1.0),Recycling rate of municipal waste,A,Annual,PC,Percentage,CZ,Czechia,2017,,32.1,,b,break in time series,,
dataflow,ESTAT:SDG_11_60(1.0),Recycling rate of municipal waste,A,Annual,PC,Percentage,CZ,Czechia,2018,,32.2,,,,,
dataflow,ESTAT:SDG_11_60(1.0),Recycling rate of municipal waste,A,Annual,PC,Percentage,CZ,Czechia,2019,,33.3,,,,,
dataflow,ESTAT:SDG_11_60(1.0),Recycling rate of municipal waste,A,Annual,PC,Percentage,CZ,Czechia,2020,,40.5,,,,,
dataflow,ESTAT:SDG_11_60(1.0),Recycling rate of municipal waste,A,Annual,PC,Percentage,CZ,Czechia,2021,,43.3,,,,,
dataflow,ESTAT:SDG_11_60(1.0),Recycling rate of municipal waste,A,Annual,PC,Percentage,CZ,Czechia,2022,,41.4,,,,,
dataflow,ESTAT:SDG_11_60(1.0),Recycling rate of municipal waste,A,Annual,PC,Percentage,CZ,Czechia,2023,,43.5,,,,,
dataflow,ESTAT:SDG_11_60(1.0),Recycling rate of municipal waste,A,Annual,PC,Percentage,DE,Germany,2000,,52.5,,i,value imputed by Eurostat or other receiving agencies,,
dataflow,ESTAT:SDG_11_60(1.0),Recycling rate of municipal waste,A,Annual,PC,Percentage,DE,Germany,2001,,52.3,,i,value imputed by Eurostat or other receiving agencies,,
dataflow,ESTAT:SDG_11_60(1.0),Recycling rate of municipal waste,A,Annual,PC,Percentage,DE,Germany,2002,,56.1,,,,,
dataflow,ESTAT:SDG_11_60(1.0),Recycling rate of municipal waste,A,Annual,PC,Percentage,DE,Germany,2003,,57.8,,,,,
dataflow,ESTAT:SDG_11_60(1.0),Recycling rate of municipal waste,A,Annual,PC,Percentage,DE,Germany,2004,,56.4,,,,,
dataflow,ESTAT:SDG_11_60(1.0),Recycling rate of municipal waste,A,Annual,PC,Percentage,DE,Germany,2005,,60.9,,,,,
dataflow,ESTAT:SDG_11_60(1.0),Recycling rate of municipal waste,A,Annual,PC,Percentage,DE,Germany,2006,,62.1,,,,,
dataflow,ESTAT:SDG_11_60(1.0),Recycling rate of municipal waste,A,Annual,PC,Percentage,DE,Germany,2007,,63.2,,,,,
dataflow,ESTAT:SDG_11_60(1.0),Recycling rate of municipal waste,A,Annual,PC,Percentage,DE,Germany,2008,,63.8,,,,,
dataflow,ESTAT:SDG_11_60(1.0),Recycling rate of municipal waste,A,Annual,PC,Percentage,DE,Germany,2009,,63.1,,,,,
dataflow,ESTAT:SDG_11_60(1.0),Recycling rate of municipal waste,A,Annual,PC,Percentage,DE,Germany,2010,,62.5,,,,,
dataflow,ESTAT:SDG_11_60(1.0),Recycling rate of municipal waste,A,Annual,PC,Percentage,DE,Germany,2011,,63.0,,,,,
dataflow,ESTAT:SDG_11_60(1.0),Recycling rate of municipal waste,A,Annual,PC,Percentage,DE,Germany,2012,,65.2,,,,,
dataflow,ESTAT:SDG_11_60(1.0),Recycling rate of municipal waste,A,Annual,PC,Percentage,DE,Germany,2013,,63.8,,,,,
dataflow,ESTAT:SDG_11_60(1.0),Recycling rate of municipal waste,A,Annual,PC,Percentage,DE,Germany,2014,,65.6,,,,,
dataflow,ESTAT:SDG_11_60(1.0),Recycling rate of municipal waste,A,Annual,PC,Percentage,DE,Germany,2015,,66.7,,,,,
dataflow,ESTAT:SDG_11_60(1.0),Recycling rate of municipal waste,A,Annual,PC,Percentage,DE,Germany,2016,,67.1,,,,,
dataflow,ESTAT:SDG_11_60(1.0),Recycling rate of municipal waste,A,Annual,PC,Percentage,DE,Germany,2017,,67.2,,,,,
dataflow,ESTAT:SDG_11_60(1.0),Recycling rate of municipal waste,A,Annual,PC,Percentage,DE,Germany,2018,,67.1,,,,,
dataflow,ESTAT:SDG_11_60(1.0),Recycling rate of municipal waste,A,Annual,PC,Percentage,DE,Germany,2019,,66.7,,e,estimated,,
dataflow,ESTAT:SDG_11_60(1.0),Recycling rate of municipal waste,A,Annual,PC,Percentage,DE,Germany,2020,,70.3,,p,provisional,,
dataflow,ESTAT:SDG_11_60(1.0),Recycling rate of municipal waste,A,Annual,PC,Percentage,DE,Germany,2021,,71.4,,,,,
dataflow,ESTAT:SDG_11_60(1.0),Recycling rate of municipal waste,A,Annual,PC,Percentage,DE,Germany,2022,,69.6,,,,,
dataflow,ESTAT:SDG_11_60(1.0),Recycling rate of municipal waste,A,Annual,PC,Percentage,DE,Germany,2023,,68.7,,,,,
dataflow,ESTAT:SDG_11_60(1.0),Recycling rate of municipal waste,A,Annual,PC,Percentage,DK,Denmark,2000,,37.1,,,,,
dataflow,ESTAT:SDG_11_60(1.0),Recycling rate of municipal waste,A,Annual,PC,Percentage,DK,Denmark,2001,,36.1,,,,,
dataflow,ESTAT:SDG_11_60(1.0),Recycling rate of municipal waste,A,Annual,PC,Percentage,DK,Denmark,2002,,37.6,,,,,
dataflow,ESTAT:SDG_11_60(1.0),Recycling rate of municipal waste,A,Annual,PC,Percentage,DK,Denmark,2003,,40.9,,,,,
dataflow,ESTAT:SDG_11_60(1.0),Recycling rate of municipal waste,A,Annual,PC,Percentage,DK,Denmark,2004,,41.0,,,,,
dataflow,ESTAT:SDG_11_60(1.0),Recycling rate of municipal waste,A,Annual,PC,Percentage,DK,Denmark,2005,,41.0,,,,,
dataflow,ESTAT:SDG_11_60(1.0),Recycling rate of municipal waste,A,Annual,PC,Percentage,DK,Denmark,2006,,41.8,,,,,
dataflow,ESTAT:SDG_11_60(1.0),Recycling rate of municipal waste,A,Annual,PC,Percentage,DK,Denmark,2007,,44.2,,,,,
dataflow,ESTAT:SDG_11_60(1.0),Recycling rate of municipal waste,A,Annual,PC,Percentage,DK,Denmark,2008,,47.9,,,,,
dataflow,ESTAT:SDG_11_60(1.0),Recycling rate of municipal waste,A,Annual,PC,Percentage,DK,Denmark,2009,,48.8,,e,estimated,,
dataflow,ESTAT:SDG_11_60(1.0),Recycling rate of municipal waste,A,Annual,PC,Percentage,DK,Denmark,2011,,42.4,,b,break in time series,,
dataflow,ESTAT:SDG_11_60(1.0),Recycling rate of municipal waste,A,Annual,PC,Percentage,DK,Denmark,2012,,42.5,,,,,
dataflow,ESTAT:SDG_11_60(1.0),Recycling rate of municipal waste,A,Annual,PC,Percentage,DK,Denmark,2013,,43.3,,,,,
dataflow,ESTAT:SDG_11_60(1.0),Recycling rate of municipal waste,A,Annual,PC,Percentage,DK,Denmark,2014,,45.4,,,,,
dataflow,ESTAT:SDG_11_60(1.0),Recycling rate of municipal waste,A,Annual,PC,Percentage,DK,Denmark,2015,,47.4,,,,,
dataflow,ESTAT:SDG_11_60(1.0),Recycling rate of municipal waste,A,Annual,PC,Percentage,DK,Denmark,2016,,48.3,,,,,
dataflow,ESTAT:SDG_11_60(1.0),Recycling rate of municipal waste,A,Annual,PC,Percentage,DK,Denmark,2017,,47.6,,,,,
dataflow,ESTAT:SDG_11_60(1.0),Recycling rate of municipal waste,A,Annual,PC,Percentage,DK,Denmark,2018,,49.9,,,,,
dataflow,ESTAT:SDG_11_60(1.0),Recycling rate of municipal waste,A,Annual,PC,Percentage,DK,Denmark,2019,,51.5,,,,,
dataflow,ESTAT:SDG_11_60(1.0),Recycling rate of municipal waste,A,Annual,PC,Percentage,DK,Denmark,2020,,45.0,,,,,
dataflow,ESTAT:SDG_11_60(1.0),Recycling rate of municipal waste,A,Annual,PC,Percentage,DK,Denmark,2021,,49.0,,,,,
dataflow,ESTAT:SDG_11_60(1.0),Recycling rate of municipal waste,A,Annual,PC,Percentage,DK,Denmark,2022,,50.3,,,,,
dataflow,ESTAT:SDG_11_60(1.0),Recycling rate of municipal waste,A,Annual,PC,Percentage,DK,Denmark,2023,,46.6,,,,,
dataflow,ESTAT:SDG_11_60(1.0),Recycling rate of municipal waste,A,Annual,PC,Percentage,EE,Estonia,2000,,2.2,,b,break in time series,,
dataflow,ESTAT:SDG_11_60(1.0),Recycling rate of municipal waste,A,Annual,PC,Percentage,EE,Estonia,2001,,5.1,,b,break in time series,,
dataflow,ESTAT:SDG_11_60(1.0),Recycling rate of municipal waste,A,Annual,PC,Percentage,EE,Estonia,2002,,2.7,,,,,
dataflow,ESTAT:SDG_11_60(1.0),Recycling rate of municipal waste,A,Annual,PC,Percentage,EE,Estonia,2003,,15.0,,,,,
dataflow,ESTAT:SDG_11_60(1.0),Recycling rate of municipal waste,A,Annual,PC,Percentage,EE,Estonia,2004,,24.8,,,,,
dataflow,ESTAT:SDG_11_60(1.0),Recycling rate of municipal waste,A,Annual,PC,Percentage,EE,Estonia,2005,,22.7,,,,,
dataflow,ESTAT:SDG_11_60(1.0),Recycling rate of municipal waste,A,Annual,PC,Percentage,EE,Estonia,2006,,17.4,,,,,
dataflow,ESTAT:SDG_11_60(1.0),Recycling rate of municipal waste,A,Annual,PC,Percentage,EE,Estonia,2007,,23.1,,,,,
dataflow,ESTAT:SDG_11_60(1.0),Recycling rate of municipal waste,A,Annual,PC,Percentage,EE,Estonia,2008,,20.2,,b,break in time series,,
dataflow,ESTAT:SDG_11_60(1.0),Recycling rate of municipal waste,A,Annual,PC,Percentage,EE,Estonia,2009,,21.0,,,,,
dataflow,ESTAT:SDG_11_60(1.0),Recycling rate of municipal waste,A,Annual,PC,Percentage,EE,Estonia,2010,,18.0,,b,break in time series,,
dataflow,ESTAT:SDG_11_60(1.0),Recycling rate of municipal waste,A,Annual,PC,Percentage,EE,Estonia,2011,,23.3,,,,,
dataflow,ESTAT:SDG_11_60(1.0),Recycling rate of municipal waste,A,Annual,PC,Percentage,EE,Estonia,2012,,19.1,,,,,
dataflow,ESTAT:SDG_11_60(1.0),Recycling rate of municipal waste,A,Annual,PC,Percentage,EE,Estonia,2013,,17.6,,,,,
dataflow,ESTAT:SDG_11_60(1.0),Recycling rate of municipal waste,A,Annual,PC,Percentage,EE,Estonia,2014,,31.1,,b,break in time series,,
dataflow,ESTAT:SDG_11_60(1.0),Recycling rate of municipal waste,A,Annual,PC,Percentage,EE,Estonia,2015,,28.3,,,,,
dataflow,ESTAT:SDG_11_60(1.0),Recycling rate of municipal waste,A,Annual,PC,Percentage,EE,Estonia,2016,,27.9,,,,,
dataflow,ESTAT:SDG_11_60(1.0),Recycling rate of municipal waste,A,Annual,PC,Percentage,EE,Estonia,2017,,28.2,,,,,
dataflow,ESTAT:SDG_11_60(1.0),Recycling rate of municipal waste,A,Annual,PC,Percentage,EE,Estonia,2018,,28.0,,,,,
dataflow,ESTAT:SDG_11_60(1.0),Recycling rate of municipal waste,A,Annual,PC,Percentage,EE,Estonia,2019,,30.8,,,,,
dataflow,ESTAT:SDG_11_60(1.0),Recycling rate of municipal waste,A,Annual,PC,Percentage,EE,Estonia,2020,,28.9,,,,,
dataflow,ESTAT:SDG_11_60(1.0),Recycling rate of municipal waste,A,Annual,PC,Percentage,EE,Estonia,2021,,30.3,,,,,
dataflow,ESTAT:SDG_11_60(1.0),Recycling rate of municipal waste,A,Annual,PC,Percentage,EE,Estonia,2022,,33.4,,,,,
dataflow,ESTAT:SDG_11_60(1.0),Recycling rate of municipal waste,A,Annual,PC,Percentage,EE,Estonia,2023,,37.9,,,,,
dataflow,ESTAT:SDG_11_60(1.0),Recycling rate of municipal waste,A,Annual,PC,Percentage,EL,Greece,2000,,8.8,,,,,
dataflow,ESTAT:SDG_11_60(1.0),Recycling rate of municipal waste,A,Annual,PC,Percentage,EL,Greece,2001,,8.8,,,,,
dataflow,ESTAT:SDG_11_60(1.0),Recycling rate of municipal waste,A,Annual,PC,Percentage,EL,Greece,2002,,8.8,,,,,
dataflow,ESTAT:SDG_11_60(1.0),Recycling rate of municipal waste,A,Annual,PC,Percentage,EL,Greece,2003,,8.1,,,,,
dataflow,ESTAT:SDG_11_60(1.0),Recycling rate of municipal waste,A,Annual,PC,Percentage,EL,Greece,2004,,10.1,,,,,
dataflow,ESTAT:SDG_11_60(1.0),Recycling rate of municipal waste,A,Annual,PC,Percentage,EL,Greece,2005,,11.8,,,,,
dataflow,ESTAT:SDG_11_60(1.0),Recycling rate of municipal waste,A,Annual,PC,Percentage,EL,Greece,2006,,12.8,,,,,
dataflow,ESTAT:SDG_11_60(1.0),Recycling rate of municipal waste,A,Annual,PC,Percentage,EL,Greece,2007,,20.0,,,,,
dataflow,ESTAT:SDG_11_60(1.0),Recycling rate of municipal waste,A,Annual,PC,Percentage,EL,Greece,2008,,17.7,,,,,
dataflow,ESTAT:SDG_11_60(1.0),Recycling rate of municipal waste,A,Annual,PC,Percentage,EL,Greece,2009,,18.9,,,,,
dataflow,ESTAT:SDG_11_60(1.0),Recycling rate of municipal waste,A,Annual,PC,Percentage,EL,Greece,2010,,17.1,,,,,
dataflow,ESTAT:SDG_11_60(1.0),Recycling rate of municipal waste,A,Annual,PC,Percentage,EL,Greece,2011,,17.8,,,,,
dataflow,ESTAT:SDG_11_60(1.0),Recycling rate of municipal waste,A,Annual,PC,Percentage,EL,Greece,2012,,17.0,,,,,
dataflow,ESTAT:SDG_11_60(1.0),Recycling rate of municipal waste,A,Annual,PC,Percentage,EL,Greece,2013,,15.8,,,,,
dataflow,ESTAT:SDG_11_60(1.0),Recycling rate of municipal waste,A,Annual,PC,Percentage,EL,Greece,2014,,15.4,,,,,
dataflow,ESTAT:SDG_11_60(1.0),Recycling rate of municipal waste,A,Annual,PC,Percentage,EL,Greece,2015,,15.8,,,,,
dataflow,ESTAT:SDG_11_60(1.0),Recycling rate of municipal waste,A,Annual,PC,Percentage,EL,Greece,2016,,17.2,,,,,
dataflow,ESTAT:SDG_11_60(1.0),Recycling rate of municipal waste,A,Annual,PC,Percentage,EL,Greece,2017,,18.9,,,,,
dataflow,ESTAT:SDG_11_60(1.0),Recycling rate of municipal waste,A,Annual,PC,Percentage,EL,Greece,2018,,20.1,,,,,
dataflow,ESTAT:SDG_11_60(1.0),Recycling rate of municipal waste,A,Annual,PC,Percentage,EL,Greece,2019,,21.0,,,,,
dataflow,ESTAT:SDG_11_60(1.0),Recycling rate of municipal waste,A,Annual,PC,Percentage,EL,Greece,2020,,18.1,,b,break in time series,,
dataflow,ESTAT:SDG_11_60(1.0),Recycling rate of municipal waste,A,Annual,PC,Percentage,EL,Greece,2021,,17.5,,,,,
dataflow,ESTAT:SDG_11_60(1.0),Recycling rate of municipal waste,A,Annual,PC,Percentage,EL,Greece,2022,,17.3,,,,,
dataflow,ESTAT:SDG_11_60(1.0),Recycling rate of municipal waste,A,Annual,PC,Percentage,EL,Greece,2023,,17.4,,,,,
dataflow,ESTAT:SDG_11_60(1.0),Recycling rate of municipal waste,A,Annual,PC,Percentage,ES,Spain,2000,,18.4,,,,,
dataflow,ESTAT:SDG_11_60(1.0),Recycling rate of municipal waste,A,Annual,PC,Percentage,ES,Spain,2001,,21.4,,,,,
dataflow,ESTAT:SDG_11_60(1.0),Recycling rate of municipal waste,A,Annual,PC,Percentage,ES,Spain,2002,,29.3,,,,,
dataflow,ESTAT:SDG_11_60(1.0),Recycling rate of municipal waste,A,Annual,PC,Percentage,ES,Spain,2003,,28.7,,,,,
dataflow,ESTAT:SDG_11_60(1.0),Recycling rate of municipal waste,A,Annual,PC,Percentage,ES,Spain,2004,,30.9,,,,,
dataflow,ESTAT:SDG_11_60(1.0),Recycling rate of municipal waste,A,Annual,PC,Percentage,ES,Spain,2005,,31.4,,,,,
dataflow,ESTAT:SDG_11_60(1.0),Recycling rate of municipal waste,A,Annual,PC,Percentage,ES,Spain,2006,,31.2,,,,,
dataflow,ESTAT:SDG_11_60(1.0),Recycling rate of municipal waste,A,Annual,PC,Percentage,ES,Spain,2007,,30.6,,,,,
dataflow,ESTAT:SDG_11_60(1.0),Recycling rate of municipal waste,A,Annual,PC,Percentage,ES,Spain,2008,,39.7,,,,,
dataflow,ESTAT:SDG_11_60(1.0),Recycling rate of municipal waste,A,Annual,PC,Percentage,ES,Spain,2009,,33.2,,,,,
dataflow,ESTAT:SDG_11_60(1.0),Recycling rate of municipal waste,A,Annual,PC,Percentage,ES,Spain,2010,,29.2,,,,,
dataflow,ESTAT:SDG_11_60(1.0),Recycling rate of municipal waste,A,Annual,PC,Percentage,ES,Spain,2011,,26.7,,,,,
dataflow,ESTAT:SDG_11_60(1.0),Recycling rate of municipal waste,A,Annual,PC,Percentage,ES,Spain,2012,,29.8,,,,,
dataflow,ESTAT:SDG_11_60(1.0),Recycling rate of municipal waste,A,Annual,PC,Percentage,ES,Spain,2013,,32.5,,,,,
dataflow,ESTAT:SDG_11_60(1.0),Recycling rate of municipal waste,A,Annual,PC,Percentage,ES,Spain,2014,,30.8,,,,,
dataflow,ESTAT:SDG_11_60(1.0),Recycling rate of municipal waste,A,Annual,PC,Percentage,ES,Spain,2015,,30.0,,,,,
dataflow,ESTAT:SDG_11_60(1.0),Recycling rate of municipal waste,A,Annual,PC,Percentage,ES,Spain,2016,,33.9,,,,,
dataflow,ESTAT:SDG_11_60(1.0),Recycling rate of municipal waste,A,Annual,PC,Percentage,ES,Spain,2017,,36.1,,,,,
dataflow,ESTAT:SDG_11_60(1.0),Recycling rate of municipal waste,A,Annual,PC,Percentage,ES,Spain,2018,,34.8,,,,,
dataflow,ESTAT:SDG_11_60(1.0),Recycling rate of municipal waste,A,Annual,PC,Percentage,ES,Spain,2019,,38.0,,,,,
dataflow,ESTAT:SDG_11_60(1.0),Recycling rate of municipal waste,A,Annual,PC,Percentage,ES,Spain,2020,,40.4,,,,,
dataflow,ESTAT:SDG_11_60(1.0),Recycling rate of municipal waste,A,Annual,PC,Percentage,ES,Spain,2021,,43.7,,,,,
dataflow,ESTAT:SDG_11_60(1.0),Recycling rate of municipal waste,A,Annual,PC,Percentage,ES,Spain,2022,,42.9,,p,provisional,,
dataflow,ESTAT:SDG_11_60(1.0),Recycling rate of municipal waste,A,Annual,PC,Percentage,ES,Spain,2023,,41.4,,e,estimated,,
dataflow,ESTAT:SDG_11_60(1.0),Recycling rate of municipal waste,A,Annual,PC,Percentage,EU27_2020,European Union - 27 countries (from 2020),2000,,27.3,,i,value imputed by Eurostat or other receiving agencies,,
dataflow,ESTAT:SDG_11_60(1.0),Recycling rate of municipal waste,A,Annual,PC,Percentage,EU27_2020,European Union - 27 countries (from 2020),2001,,28.7,,i,value imputed by Eurostat or other receiving agencies,,
dataflow,ESTAT:SDG_11_60(1.0),Recycling rate of municipal waste,A,Annual,PC,Percentage,EU27_2020,European Union - 27 countries (from 2020),2002,,30.4,,i,value imputed by Eurostat or other receiving agencies,,
dataflow,ESTAT:SDG_11_60(1.0),Recycling rate of municipal waste,A,Annual,PC,Percentage,EU27_2020,European Union - 27 countries (from 2020),2003,,31.1,,i,value imputed by Eurostat or other receiving agencies,,
dataflow,ESTAT:SDG_11_60(1.0),Recycling rate of municipal waste,A,Annual,PC,Percentage,EU27_2020,European Union - 27 countries (from 2020),2004,,31.8,,i,value imputed by Eurostat or other receiving agencies,,
dataflow,ESTAT:SDG_11_60(1.0),Recycling rate of municipal waste,A,Annual,PC,Percentage,EU27_2020,European Union - 27 countries (from 2020),2005,,32.5,,i,value imputed by Eurostat or other receiving agencies,,
dataflow,ESTAT:SDG_11_60(1.0),Recycling rate of municipal waste,A,Annual,PC,Percentage,EU27_2020,European Union - 27 countries (from 2020),2006,,33.2,,i,value imputed by Eurostat or other receiving agencies,,
dataflow,ESTAT:SDG_11_60(1.0),Recycling rate of municipal waste,A,Annual,PC,Percentage,EU27_2020,European Union - 27 countries (from 2020),2007,,35.2,,,,,
dataflow,ESTAT:SDG_11_60(1.0),Recycling rate of municipal waste,A,Annual,PC,Percentage,EU27_2020,European Union - 27 countries (from 2020),2008,,36.6,,,,,
dataflow,ESTAT:SDG_11_60(1.0),Recycling rate of municipal waste,A,Annual,PC,Percentage,EU27_2020,European Union - 27 countries (from 2020),2009,,37.3,,,,,
dataflow,ESTAT:SDG_11_60(1.0),Recycling rate of municipal waste,A,Annual,PC,Percentage,EU27_2020,European Union - 27 countries (from 2020),2010,,38.0,,,,,
dataflow,ESTAT:SDG_11_60(1.0),Recycling rate of municipal waste,A,Annual,PC,Percentage,EU27_2020,European Union - 27 countries (from 2020),2011,,38.9,,,,,
dataflow,ESTAT:SDG_11_60(1.0),Recycling rate of municipal waste,A,Annual,PC,Percentage,EU27_2020,European Union - 27 countries (from 2020),2012,,40.9,,,,,
dataflow,ESTAT:SDG_11_60(1.0),Recycling rate of municipal waste,A,Annual,PC,Percentage,EU27_2020,European Union - 27 countries (from 2020),2013,,41.5,,,,,
dataflow,ESTAT:SDG_11_60(1.0),Recycling rate of municipal waste,A,Annual,PC,Percentage,EU27_2020,European Union - 27 countries (from 2020),2014,,43.4,,,,,
dataflow,ESTAT:SDG_11_60(1.0),Recycling rate of municipal waste,A,Annual,PC,Percentage,EU27_2020,European Union - 27 countries (from 2020),2015,,44.9,,,,,
dataflow,ESTAT:SDG_11_60(1.0),Recycling rate of municipal waste,A,Annual,PC,Percentage,EU27_2020,European Union - 27 countries (from 2020),2016,,45.9,,,,,
dataflow,ESTAT:SDG_11_60(1.0),Recycling rate of municipal waste,A,Annual,PC,Percentage,EU27_2020,European Union - 27 countries (from 2020),2017,,46.3,,,,,
dataflow,ESTAT:SDG_11_60(1.0),Recycling rate of municipal waste,A,Annual,PC,Percentage,EU27_2020,European Union - 27 countries (from 2020),2018,,46.4,,,,,
dataflow,ESTAT:SDG_11_60(1.0),Recycling rate of municipal waste,A,Annual,PC,Percentage,EU27_2020,European Union - 27 countries (from 2020),2019,,47.2,,i,value imputed by Eurostat or other receiving agencies,,
dataflow,ESTAT:SDG_11_60(1.0),Recycling rate of municipal waste,A,Annual,PC,Percentage,EU27_2020,European Union - 27 countries (from 2020),2020,,48.5,,,,,
dataflow,ESTAT:SDG_11_60(1.0),Recycling rate of municipal waste,A,Annual,PC,Percentage,EU27_2020,European Union - 27 countries (from 2020),2021,,49.7,,i,value imputed by Eurostat or other receiving agencies,,
dataflow,ESTAT:SDG_11_60(1.0),Recycling rate of municipal waste,A,Annual,PC,Percentage,EU27_2020,European Union - 27 countries (from 2020),2022,,49.1,,i,value imputed by Eurostat or other receiving agencies,,
dataflow,ESTAT:SDG_11_60(1.0),Recycling rate of municipal waste,A,Annual,PC,Percentage,EU27_2020,European Union - 27 countries (from 2020),2023,,47.7,,i,value imputed by Eurostat or other receiving agencies,,
dataflow,ESTAT:SDG_11_60(1.0),Recycling rate of municipal waste,A,Annual,PC,Percentage,FI,Finland,2000,,33.6,,,,,
dataflow,ESTAT:SDG_11_60(1.0),Recycling rate of municipal waste,A,Annual,PC,Percentage,FI,Finland,2001,,33.6,,,,,
dataflow,ESTAT:SDG_11_60(1.0),Recycling rate of municipal waste,A,Annual,PC,Percentage,FI,Finland,2002,,33.6,,,,,
dataflow,ESTAT:SDG_11_60(1.0),Recycling rate of municipal waste,A,Annual,PC,Percentage,FI,Finland,2003,,33.6,,,,,
dataflow,ESTAT:SDG_11_60(1.0),Recycling rate of municipal waste,A,Annual,PC,Percentage,FI,Finland,2004,,33.6,,,,,
dataflow,ESTAT:SDG_11_60(1.0),Recycling rate of municipal waste,A,Annual,PC,Percentage,FI,Finland,2005,,33.6,,,,,
dataflow,ESTAT:SDG_11_60(1.0),Recycling rate of municipal waste,A,Annual,PC,Percentage,FI,Finland,2006,,33.6,,,,,
dataflow,ESTAT:SDG_11_60(1.0),Recycling rate of municipal waste,A,Annual,PC,Percentage,FI,Finland,2007,,35.6,,,,,
dataflow,ESTAT:SDG_11_60(1.0),Recycling rate of municipal waste,A,Annual,PC,Percentage,FI,Finland,2008,,34.3,,,,,
dataflow,ESTAT:SDG_11_60(1.0),Recycling rate of municipal waste,A,Annual,PC,Percentage,FI,Finland,2009,,35.9,,,,,
dataflow,ESTAT:SDG_11_60(1.0),Recycling rate of municipal waste,A,Annual,PC,Percentage,FI,Finland,2010,,32.8,,,,,
dataflow,ESTAT:SDG_11_60(1.0),Recycling rate of municipal waste,A,Annual,PC,Percentage,FI,Finland,2011,,34.8,,,,,
dataflow,ESTAT:SDG_11_60(1.0),Recycling rate of municipal waste,A,Annual,PC,Percentage,FI,Finland,2012,,33.3,,,,,
dataflow,ESTAT:SDG_11_60(1.0),Recycling rate of municipal waste,A,Annual,PC,Percentage,FI,Finland,2013,,32.5,,,,,
dataflow,ESTAT:SDG_11_60(1.0),Recycling rate of municipal waste,A,Annual,PC,Percentage,FI,Finland,2014,,32.5,,,,,
dataflow,ESTAT:SDG_11_60(1.0),Recycling rate of municipal waste,A,Annual,PC,Percentage,FI,Finland,2015,,40.6,,b,break in time series,,
dataflow,ESTAT:SDG_11_60(1.0),Recycling rate of municipal waste,A,Annual,PC,Percentage,FI,Finland,2016,,42.1,,,,,
dataflow,ESTAT:SDG_11_60(1.0),Recycling rate of municipal waste,A,Annual,PC,Percentage,FI,Finland,2017,,40.5,,,,,
dataflow,ESTAT:SDG_11_60(1.0),Recycling rate of municipal waste,A,Annual,PC,Percentage,FI,Finland,2018,,42.3,,,,,
dataflow,ESTAT:SDG_11_60(1.0),Recycling rate of municipal waste,A,Annual,PC,Percentage,FI,Finland,2019,,43.5,,,,,
dataflow,ESTAT:SDG_11_60(1.0),Recycling rate of municipal waste,A,Annual,PC,Percentage,FI,Finland,2020,,42.1,,,,,
dataflow,ESTAT:SDG_11_60(1.0),Recycling rate of municipal waste,A,Annual,PC,Percentage,FI,Finland,2021,,39.0,,,,,
dataflow,ESTAT:SDG_11_60(1.0),Recycling rate of municipal waste,A,Annual,PC,Percentage,FI,Finland,2022,,43.7,,,,,
dataflow,ESTAT:SDG_11_60(1.0),Recycling rate of municipal waste,A,Annual,PC,Percentage,FI,Finland,2023,,44.8,,,,,
dataflow,ESTAT:SDG_11_60(1.0),Recycling rate of municipal waste,A,Annual,PC,Percentage,FR,France,2000,,24.5,,,,,
dataflow,ESTAT:SDG_11_60(1.0),Recycling rate of municipal waste,A,Annual,PC,Percentage,FR,France,2001,,26.1,,,,,
dataflow,ESTAT:SDG_11_60(1.0),Recycling rate of municipal waste,A,Annual,PC,Percentage,FR,France,2002,,27.3,,,,,
dataflow,ESTAT:SDG_11_60(1.0),Recycling rate of municipal waste,A,Annual,PC,Percentage,FR,France,2003,,28.0,,,,,
dataflow,ESTAT:SDG_11_60(1.0),Recycling rate of municipal waste,A,Annual,PC,Percentage,FR,France,2004,,29.0,,,,,
dataflow,ESTAT:SDG_11_60(1.0),Recycling rate of municipal waste,A,Annual,PC,Percentage,FR,France,2005,,29.0,,,,,
dataflow,ESTAT:SDG_11_60(1.0),Recycling rate of municipal waste,A,Annual,PC,Percentage,FR,France,2006,,30.7,,e,estimated,,
dataflow,ESTAT:SDG_11_60(1.0),Recycling rate of municipal waste,A,Annual,PC,Percentage,FR,France,2007,,32.3,,,,,
dataflow,ESTAT:SDG_11_60(1.0),Recycling rate of municipal waste,A,Annual,PC,Percentage,FR,France,2008,,33.8,,e,estimated,,
dataflow,ESTAT:SDG_11_60(1.0),Recycling rate of municipal waste,A,Annual,PC,Percentage,FR,France,2009,,35.3,,,,,
dataflow,ESTAT:SDG_11_60(1.0),Recycling rate of municipal waste,A,Annual,PC,Percentage,FR,France,2010,,36.0,,e,estimated,,
dataflow,ESTAT:SDG_11_60(1.0),Recycling rate of municipal waste,A,Annual,PC,Percentage,FR,France,2011,,36.8,,,,,
dataflow,ESTAT:SDG_11_60(1.0),Recycling rate of municipal waste,A,Annual,PC,Percentage,FR,France,2012,,37.7,,e,estimated,,
dataflow,ESTAT:SDG_11_60(1.0),Recycling rate of municipal waste,A,Annual,PC,Percentage,FR,France,2013,,38.7,,,,,
dataflow,ESTAT:SDG_11_60(1.0),Recycling rate of municipal waste,A,Annual,PC,Percentage,FR,France,2014,,39.7,,e,estimated,,
dataflow,ESTAT:SDG_11_60(1.0),Recycling rate of municipal waste,A,Annual,PC,Percentage,FR,France,2015,,40.7,,,,,
dataflow,ESTAT:SDG_11_60(1.0),Recycling rate of municipal waste,A,Annual,PC,Percentage,FR,France,2016,,39.7,,e,estimated,,
dataflow,ESTAT:SDG_11_60(1.0),Recycling rate of municipal waste,A,Annual,PC,Percentage,FR,France,2017,,40.2,,e,estimated,,
dataflow,ESTAT:SDG_11_60(1.0),Recycling rate of municipal waste,A,Annual,PC,Percentage,FR,France,2018,,40.7,,e,estimated,,
dataflow,ESTAT:SDG_11_60(1.0),Recycling rate of municipal waste,A,Annual,PC,Percentage,FR,France,2019,,41.0,,e,estimated,,
dataflow,ESTAT:SDG_11_60(1.0),Recycling rate of municipal waste,A,Annual,PC,Percentage,FR,France,2020,,39.3,,e,estimated,,
dataflow,ESTAT:SDG_11_60(1.0),Recycling rate of municipal waste,A,Annual,PC,Percentage,FR,France,2021,,40.9,,e,estimated,,
dataflow,ESTAT:SDG_11_60(1.0),Recycling rate of municipal waste,A,Annual,PC,Percentage,FR,France,2022,,40.1,,ep,"estimated, provisional",,
dataflow,ESTAT:SDG_11_60(1.0),Recycling rate of municipal waste,A,Annual,PC,Percentage,FR,France,2023,,40.3,,e,estimated,,
dataflow,ESTAT:SDG_11_60(1.0),Recycling rate of municipal waste,A,Annual,PC,Percentage,HR,Croatia,2007,,3.2,,,,,
dataflow,ESTAT:SDG_11_60(1.0),Recycling rate of municipal waste,A,Annual,PC,Percentage,HR,Croatia,2008,,2.7,,,,,
dataflow,ESTAT:SDG_11_60(1.0),Recycling rate of municipal waste,A,Annual,PC,Percentage,HR,Croatia,2009,,2.4,,,,,
dataflow,ESTAT:SDG_11_60(1.0),Recycling rate of municipal waste,A,Annual,PC,Percentage,HR,Croatia,2010,,4.1,,,,,
dataflow,ESTAT:SDG_11_60(1.0),Recycling rate of municipal waste,A,Annual,PC,Percentage,HR,Croatia,2011,,8.3,,,,,
dataflow,ESTAT:SDG_11_60(1.0),Recycling rate of municipal waste,A,Annual,PC,Percentage,HR,Croatia,2012,,14.7,,,,,
dataflow,ESTAT:SDG_11_60(1.0),Recycling rate of municipal waste,A,Annual,PC,Percentage,HR,Croatia,2013,,14.9,,,,,
dataflow,ESTAT:SDG_11_60(1.0),Recycling rate of municipal waste,A,Annual,PC,Percentage,HR,Croatia,2014,,16.4,,,,,
dataflow,ESTAT:SDG_11_60(1.0),Recycling rate of municipal waste,A,Annual,PC,Percentage,HR,Croatia,2015,,18.0,,,,,
dataflow,ESTAT:SDG_11_60(1.0),Recycling rate of municipal waste,A,Annual,PC,Percentage,HR,Croatia,2016,,21.0,,,,,
dataflow,ESTAT:SDG_11_60(1.0),Recycling rate of municipal waste,A,Annual,PC,Percentage,HR,Croatia,2017,,23.6,,,,,
dataflow,ESTAT:SDG_11_60(1.0),Recycling rate of municipal waste,A,Annual,PC,Percentage,HR,Croatia,2018,,25.3,,,,,
dataflow,ESTAT:SDG_11_60(1.0),Recycling rate of municipal waste,A,Annual,PC,Percentage,HR,Croatia,2019,,30.2,,,,,
dataflow,ESTAT:SDG_11_60(1.0),Recycling rate of municipal waste,A,Annual,PC,Percentage,HR,Croatia,2020,,29.5,,,,,
dataflow,ESTAT:SDG_11_60(1.0),Recycling rate of municipal waste,A,Annual,PC,Percentage,HR,Croatia,2021,,31.4,,,,,
dataflow,ESTAT:SDG_11_60(1.0),Recycling rate of municipal waste,A,Annual,PC,Percentage,HR,Croatia,2022,,34.2,,,,,
dataflow,ESTAT:SDG_11_60(1.0),Recycling rate of municipal waste,A,Annual,PC,Percentage,HR,Croatia,2023,,36.0,,,,,
dataflow,ESTAT:SDG_11_60(1.0),Recycling rate of municipal waste,A,Annual,PC,Percentage,HU,Hungary,2000,,1.6,,b,break in time series,,
dataflow,ESTAT:SDG_11_60(1.0),Recycling rate of municipal waste,A,Annual,PC,Percentage,HU,Hungary,2001,,1.6,,,,,
dataflow,ESTAT:SDG_11_60(1.0),Recycling rate of municipal waste,A,Annual,PC,Percentage,HU,Hungary,2002,,2.5,,,,,
dataflow,ESTAT:SDG_11_60(1.0),Recycling rate of municipal waste,A,Annual,PC,Percentage,HU,Hungary,2003,,3.5,,,,,
dataflow,ESTAT:SDG_11_60(1.0),Recycling rate of municipal waste,A,Annual,PC,Percentage,HU,Hungary,2004,,11.8,,b,break in time series,,
dataflow,ESTAT:SDG_11_60(1.0),Recycling rate of municipal waste,A,Annual,PC,Percentage,HU,Hungary,2005,,9.6,,,,,
dataflow,ESTAT:SDG_11_60(1.0),Recycling rate of municipal waste,A,Annual,PC,Percentage,HU,Hungary,2006,,10.4,,,,,
dataflow,ESTAT:SDG_11_60(1.0),Recycling rate of municipal waste,A,Annual,PC,Percentage,HU,Hungary,2007,,12.1,,,,,
dataflow,ESTAT:SDG_11_60(1.0),Recycling rate of municipal waste,A,Annual,PC,Percentage,HU,Hungary,2008,,15.2,,,,,
dataflow,ESTAT:SDG_11_60(1.0),Recycling rate of municipal waste,A,Annual,PC,Percentage,HU,Hungary,2009,,15.4,,,,,
dataflow,ESTAT:SDG_11_60(1.0),Recycling rate of municipal waste,A,Annual,PC,Percentage,HU,Hungary,2010,,19.6,,,,,
dataflow,ESTAT:SDG_11_60(1.0),Recycling rate of municipal waste,A,Annual,PC,Percentage,HU,Hungary,2011,,22.0,,,,,
dataflow,ESTAT:SDG_11_60(1.0),Recycling rate of municipal waste,A,Annual,PC,Percentage,HU,Hungary,2012,,25.5,,,,,
dataflow,ESTAT:SDG_11_60(1.0),Recycling rate of municipal waste,A,Annual,PC,Percentage,HU,Hungary,2013,,26.4,,,,,
dataflow,ESTAT:SDG_11_60(1.0),Recycling rate of municipal waste,A,Annual,PC,Percentage,HU,Hungary,2014,,30.5,,,,,
dataflow,ESTAT:SDG_11_60(1.0),Recycling rate of municipal waste,A,Annual,PC,Percentage,HU,Hungary,2015,,32.2,,,,,
dataflow,ESTAT:SDG_11_60(1.0),Recycling rate of municipal waste,A,Annual,PC,Percentage,HU,Hungary,2016,,34.7,,,,,
dataflow,ESTAT:SDG_11_60(1.0),Recycling rate of municipal waste,A,Annual,PC,Percentage,HU,Hungary,2017,,35.0,,,,,
dataflow,ESTAT:SDG_11_60(1.0),Recycling rate of municipal waste,A,Annual,PC,Percentage,HU,Hungary,2018,,37.4,,,,,
dataflow,ESTAT:SDG_11_60(1.0),Recycling rate of municipal waste,A,Annual,PC,Percentage,HU,Hungary,2019,,35.9,,,,,
dataflow,ESTAT:SDG_11_60(1.0),Recycling rate of municipal waste,A,Annual,PC,Percentage,HU,Hungary,2020,,32.0,,,,,
dataflow,ESTAT:SDG_11_60(1.0),Recycling rate of municipal waste,A,Annual,PC,Percentage,HU,Hungary,2021,,34.9,,,,,
dataflow,ESTAT:SDG_11_60(1.0),Recycling rate of municipal waste,A,Annual,PC,Percentage,HU,Hungary,2022,,32.8,,,,,
dataflow,ESTAT:SDG_11_60(1.0),Recycling rate of municipal waste,A,Annual,PC,Percentage,HU,Hungary,2023,,33.4,,,,,
dataflow,ESTAT:SDG_11_60(1.0),Recycling rate of municipal waste,A,Annual,PC,Percentage,IE,Ireland,2000,,11.9,,,,,
dataflow,ESTAT:SDG_11_60(1.0),Recycling rate of municipal waste,A,Annual,PC,Percentage,IE,Ireland,2001,,11.3,,,,,
dataflow,ESTAT:SDG_11_60(1.0),Recycling rate of municipal waste,A,Annual,PC,Percentage,IE,Ireland,2002,,18.3,,,,,
dataflow,ESTAT:SDG_11_60(1.0),Recycling rate of municipal waste,A,Annual,PC,Percentage,IE,Ireland,2003,,23.6,,b,break in time series,,
dataflow,ESTAT:SDG_11_60(1.0),Recycling rate of municipal waste,A,Annual,PC,Percentage,IE,Ireland,2004,,29.5,,,,,
dataflow,ESTAT:SDG_11_60(1.0),Recycling rate of municipal waste,A,Annual,PC,Percentage,IE,Ireland,2005,,31.1,,,,,
dataflow,ESTAT:SDG_11_60(1.0),Recycling rate of municipal waste,A,Annual,PC,Percentage,IE,Ireland,2006,,33.1,,,,,
dataflow,ESTAT:SDG_11_60(1.0),Recycling rate of municipal waste,A,Annual,PC,Percentage,IE,Ireland,2007,,34.1,,,,,
dataflow,ESTAT:SDG_11_60(1.0),Recycling rate of municipal waste,A,Annual,PC,Percentage,IE,Ireland,2008,,33.6,,,,,
dataflow,ESTAT:SDG_11_60(1.0),Recycling rate of municipal waste,A,Annual,PC,Percentage,IE,Ireland,2009,,33.5,,,,,
dataflow,ESTAT:SDG_11_60(1.0),Recycling rate of municipal waste,A,Annual,PC,Percentage,IE,Ireland,2010,,35.7,,,,,
dataflow,ESTAT:SDG_11_60(1.0),Recycling rate of municipal waste,A,Annual,PC,Percentage,IE,Ireland,2011,,36.1,,,,,
dataflow,ESTAT:SDG_11_60(1.0),Recycling rate of municipal waste,A,Annual,PC,Percentage,IE,Ireland,2012,,36.6,,,,,
dataflow,ESTAT:SDG_11_60(1.0),Recycling rate of municipal waste,A,Annual,PC,Percentage,IE,Ireland,2014,,39.8,,b,break in time series,,
dataflow,ESTAT:SDG_11_60(1.0),Recycling rate of municipal waste,A,Annual,PC,Percentage,IE,Ireland,2016,,40.7,,,,,
dataflow,ESTAT:SDG_11_60(1.0),Recycling rate of municipal waste,A,Annual,PC,Percentage,IE,Ireland,2017,,40.4,,,,,
dataflow,ESTAT:SDG_11_60(1.0),Recycling rate of municipal waste,A,Annual,PC,Percentage,IE,Ireland,2018,,37.7,,,,,
dataflow,ESTAT:SDG_11_60(1.0),Recycling rate of municipal waste,A,Annual,PC,Percentage,IE,Ireland,2019,,37.4,,b,break in time series,,
dataflow,ESTAT:SDG_11_60(1.0),Recycling rate of municipal waste,A,Annual,PC,Percentage,IE,Ireland,2020,,40.8,,b,break in time series,,
dataflow,ESTAT:SDG_11_60(1.0),Recycling rate of municipal waste,A,Annual,PC,Percentage,IS,Iceland,2000,,15.4,,,,,
dataflow,ESTAT:SDG_11_60(1.0),Recycling rate of municipal waste,A,Annual,PC,Percentage,IS,Iceland,2001,,15.8,,,,,
dataflow,ESTAT:SDG_11_60(1.0),Recycling rate of municipal waste,A,Annual,PC,Percentage,IS,Iceland,2002,,16.1,,,,,
dataflow,ESTAT:SDG_11_60(1.0),Recycling rate of municipal waste,A,Annual,PC,Percentage,IS,Iceland,2003,,16.4,,,,,
dataflow,ESTAT:SDG_11_60(1.0),Recycling rate of municipal waste,A,Annual,PC,Percentage,IS,Iceland,2008,,19.2,,,,,
dataflow,ESTAT:SDG_11_60(1.0),Recycling rate of municipal waste,A,Annual,PC,Percentage,IS,Iceland,2009,,20.5,,,,,
dataflow,ESTAT:SDG_11_60(1.0),Recycling rate of municipal waste,A,Annual,PC,Percentage,IS,Iceland,2010,,20.8,,,,,
dataflow,ESTAT:SDG_11_60(1.0),Recycling rate of municipal waste,A,Annual,PC,Percentage,IS,Iceland,2011,,25.3,,,,,
dataflow,ESTAT:SDG_11_60(1.0),Recycling rate of municipal waste,A,Annual,PC,Percentage,IS,Iceland,2012,,28.0,,,,,
dataflow,ESTAT:SDG_11_60(1.0),Recycling rate of municipal waste,A,Annual,PC,Percentage,IS,Iceland,2013,,29.9,,,,,
dataflow,ESTAT:SDG_11_60(1.0),Recycling rate of municipal waste,A,Annual,PC,Percentage,IS,Iceland,2014,,29.7,,,,,
dataflow,ESTAT:SDG_11_60(1.0),Recycling rate of municipal waste,A,Annual,PC,Percentage,IS,Iceland,2015,,28.2,,,,,
dataflow,ESTAT:SDG_11_60(1.0),Recycling rate of municipal waste,A,Annual,PC,Percentage,IS,Iceland,2016,,33.2,,,,,
dataflow,ESTAT:SDG_11_60(1.0),Recycling rate of municipal waste,A,Annual,PC,Percentage,IS,Iceland,2017,,25.8,,,,,
dataflow,ESTAT:SDG_11_60(1.0),Recycling rate of municipal waste,A,Annual,PC,Percentage,IS,Iceland,2018,,27.5,,,,,
dataflow,ESTAT:SDG_11_60(1.0),Recycling rate of municipal waste,A,Annual,PC,Percentage,IS,Iceland,2020,,26.2,,,,,
dataflow,ESTAT:SDG_11_60(1.0),Recycling rate of municipal waste,A,Annual,PC,Percentage,IS,Iceland,2021,,26.4,,,,,
dataflow,ESTAT:SDG_11_60(1.0),Recycling rate of municipal waste,A,Annual,PC,Percentage,IS,Iceland,2022,,23.3,,,,,
dataflow,ESTAT:SDG_11_60(1.0),Recycling rate of municipal waste,A,Annual,PC,Percentage,IS,Iceland,2023,,31.7,,,,,
dataflow,ESTAT:SDG_11_60(1.0),Recycling rate of municipal waste,A,Annual,PC,Percentage,IT,Italy,2000,,14.2,,,,,
dataflow,ESTAT:SDG_11_60(1.0),Recycling rate of municipal waste,A,Annual,PC,Percentage,IT,Italy,2001,,17.8,,,,,
dataflow,ESTAT:SDG_11_60(1.0),Recycling rate of municipal waste,A,Annual,PC,Percentage,IT,Italy,2002,,14.8,,,,,
dataflow,ESTAT:SDG_11_60(1.0),Recycling rate of municipal waste,A,Annual,PC,Percentage,IT,Italy,2003,,16.3,,,,,
dataflow,ESTAT:SDG_11_60(1.0),Recycling rate of municipal waste,A,Annual,PC,Percentage,IT,Italy,2004,,17.6,,,,,
dataflow,ESTAT:SDG_11_60(1.0),Recycling rate of municipal waste,A,Annual,PC,Percentage,IT,Italy,2005,,18.5,,,,,
dataflow,ESTAT:SDG_11_60(1.0),Recycling rate of municipal waste,A,Annual,PC,Percentage,IT,Italy,2006,,19.2,,,,,
dataflow,ESTAT:SDG_11_60(1.0),Recycling rate of municipal waste,A,Annual,PC,Percentage,IT,Italy,2007,,25.0,,b,break in time series,,
dataflow,ESTAT:SDG_11_60(1.0),Recycling rate of municipal waste,A,Annual,PC,Percentage,IT,Italy,2008,,23.8,,,,,
dataflow,ESTAT:SDG_11_60(1.0),Recycling rate of municipal waste,A,Annual,PC,Percentage,IT,Italy,2009,,29.7,,,,,
dataflow,ESTAT:SDG_11_60(1.0),Recycling rate of municipal waste,A,Annual,PC,Percentage,IT,Italy,2010,,31.0,,,,,
dataflow,ESTAT:SDG_11_60(1.0),Recycling rate of municipal waste,A,Annual,PC,Percentage,IT,Italy,2011,,35.5,,,,,
dataflow,ESTAT:SDG_11_60(1.0),Recycling rate of municipal waste,A,Annual,PC,Percentage,IT,Italy,2012,,38.4,,,,,
dataflow,ESTAT:SDG_11_60(1.0),Recycling rate of municipal waste,A,Annual,PC,Percentage,IT,Italy,2013,,39.4,,,,,
dataflow,ESTAT:SDG_11_60(1.0),Recycling rate of municipal waste,A,Annual,PC,Percentage,IT,Italy,2014,,41.6,,,,,
dataflow,ESTAT:SDG_11_60(1.0),Recycling rate of municipal waste,A,Annual,PC,Percentage,IT,Italy,2015,,44.3,,b,break in time series,,
dataflow,ESTAT:SDG_11_60(1.0),Recycling rate of municipal waste,A,Annual,PC,Percentage,IT,Italy,2016,,45.9,,,,,
dataflow,ESTAT:SDG_11_60(1.0),Recycling rate of municipal waste,A,Annual,PC,Percentage,IT,Italy,2017,,47.8,,,,,
dataflow,ESTAT:SDG_11_60(1.0),Recycling rate of municipal waste,A,Annual,PC,Percentage,IT,Italy,2018,,49.8,,,,,
dataflow,ESTAT:SDG_11_60(1.0),Recycling rate of municipal waste,A,Annual,PC,Percentage,IT,Italy,2019,,51.4,,,,,
dataflow,ESTAT:SDG_11_60(1.0),Recycling rate of municipal waste,A,Annual,PC,Percentage,IT,Italy,2020,,51.4,,,,,
dataflow,ESTAT:SDG_11_60(1.0),Recycling rate of municipal waste,A,Annual,PC,Percentage,IT,Italy,2021,,51.9,,,,,
dataflow,ESTAT:SDG_11_60(1.0),Recycling rate of municipal waste,A,Annual,PC,Percentage,IT,Italy,2022,,53.3,,,,,
dataflow,ESTAT:SDG_11_60(1.0),Recycling rate of municipal waste,A,Annual,PC,Percentage,IT,Italy,2023,,50.8,,,,,
dataflow,ESTAT:SDG_11_60(1.0),Recycling rate of municipal waste,A,Annual,PC,Percentage,LT,Lithuania,2000,,0.0,,,,,
dataflow,ESTAT:SDG_11_60(1.0),Recycling rate of municipal waste,A,Annual,PC,Percentage,LT,Lithuania,2001,,0.0,,,,,
dataflow,ESTAT:SDG_11_60(1.0),Recycling rate of municipal waste,A,Annual,PC,Percentage,LT,Lithuania,2002,,0.0,,,,,
dataflow,ESTAT:SDG_11_60(1.0),Recycling rate of municipal waste,A,Annual,PC,Percentage,LT,Lithuania,2003,,0.0,,,,,
dataflow,ESTAT:SDG_11_60(1.0),Recycling rate of municipal waste,A,Annual,PC,Percentage,LT,Lithuania,2004,,1.9,,i,value imputed by Eurostat or other receiving agencies,,
dataflow,ESTAT:SDG_11_60(1.0),Recycling rate of municipal waste,A,Annual,PC,Percentage,LT,Lithuania,2005,,1.9,,i,value imputed by Eurostat or other receiving agencies,,
dataflow,ESTAT:SDG_11_60(1.0),Recycling rate of municipal waste,A,Annual,PC,Percentage,LT,Lithuania,2006,,1.9,,i,value imputed by Eurostat or other receiving agencies,,
dataflow,ESTAT:SDG_11_60(1.0),Recycling rate of municipal waste,A,Annual,PC,Percentage,LT,Lithuania,2007,,7.5,,,,,
dataflow,ESTAT:SDG_11_60(1.0),Recycling rate of municipal waste,A,Annual,PC,Percentage,LT,Lithuania,2008,,8.4,,b,break in time series,,
dataflow,ESTAT:SDG_11_60(1.0),Recycling rate of municipal waste,A,Annual,PC,Percentage,LT,Lithuania,2009,,8.5,,,,,
dataflow,ESTAT:SDG_11_60(1.0),Recycling rate of municipal waste,A,Annual,PC,Percentage,LT,Lithuania,2010,,4.9,,,,,
dataflow,ESTAT:SDG_11_60(1.0),Recycling rate of municipal waste,A,Annual,PC,Percentage,LT,Lithuania,2011,,20.0,,,,,
dataflow,ESTAT:SDG_11_60(1.0),Recycling rate of municipal waste,A,Annual,PC,Percentage,LT,Lithuania,2012,,23.5,,,,,
dataflow,ESTAT:SDG_11_60(1.0),Recycling rate of municipal waste,A,Annual,PC,Percentage,LT,Lithuania,2013,,27.8,,,,,
dataflow,ESTAT:SDG_11_60(1.0),Recycling rate of municipal waste,A,Annual,PC,Percentage,LT,Lithuania,2014,,30.5,,,,,
dataflow,ESTAT:SDG_11_60(1.0),Recycling rate of municipal waste,A,Annual,PC,Percentage,LT,Lithuania,2015,,33.2,,,,,
dataflow,ESTAT:SDG_11_60(1.0),Recycling rate of municipal waste,A,Annual,PC,Percentage,LT,Lithuania,2016,,48.0,,b,break in time series,,
dataflow,ESTAT:SDG_11_60(1.0),Recycling rate of municipal waste,A,Annual,PC,Percentage,LT,Lithuania,2017,,48.1,,,,,
dataflow,ESTAT:SDG_11_60(1.0),Recycling rate of municipal waste,A,Annual,PC,Percentage,LT,Lithuania,2018,,52.6,,,,,
dataflow,ESTAT:SDG_11_60(1.0),Recycling rate of municipal waste,A,Annual,PC,Percentage,LT,Lithuania,2019,,49.7,,,,,
dataflow,ESTAT:SDG_11_60(1.0),Recycling rate of municipal waste,A,Annual,PC,Percentage,LT,Lithuania,2020,,45.3,,,,,
dataflow,ESTAT:SDG_11_60(1.0),Recycling rate of municipal waste,A,Annual,PC,Percentage,LT,Lithuania,2021,,44.3,,,,,
dataflow,ESTAT:SDG_11_60(1.0),Recycling rate of municipal waste,A,Annual,PC,Percentage,LT,Lithuania,2022,,48.4,,,,,
dataflow,ESTAT:SDG_11_60(1.0),Recycling rate of municipal waste,A,Annual,PC,Percentage,LT,Lithuania,2023,,49.3,,,,,
dataflow,ESTAT:SDG_11_60(1.0),Recycling rate of municipal waste,A,Annual,PC,Percentage,LU,Luxembourg,2000,,35.8,,,,,
dataflow,ESTAT:SDG_11_60(1.0),Recycling rate of municipal waste,A,Annual,PC,Percentage,LU,Luxembourg,2001,,37.5,,,,,
dataflow,ESTAT:SDG_11_60(1.0),Recycling rate of municipal waste,A,Annual,PC,Percentage,LU,Luxembourg,2002,,38.5,,,,,
dataflow,ESTAT:SDG_11_60(1.0),Recycling rate of municipal waste,A,Annual,PC,Percentage,LU,Luxembourg,2003,,42.2,,,,,
dataflow,ESTAT:SDG_11_60(1.0),Recycling rate of municipal waste,A,Annual,PC,Percentage,LU,Luxembourg,2004,,41.5,,,,,
dataflow,ESTAT:SDG_11_60(1.0),Recycling rate of municipal waste,A,Annual,PC,Percentage,LU,Luxembourg,2005,,43.5,,,,,
dataflow,ESTAT:SDG_11_60(1.0),Recycling rate of municipal waste,A,Annual,PC,Percentage,LU,Luxembourg,2006,,43.7,,,,,
dataflow,ESTAT:SDG_11_60(1.0),Recycling rate of municipal waste,A,Annual,PC,Percentage,LU,Luxembourg,2007,,45.0,,,,,
dataflow,ESTAT:SDG_11_60(1.0),Recycling rate of municipal waste,A,Annual,PC,Percentage,LU,Luxembourg,2008,,45.7,,,,,
dataflow,ESTAT:SDG_11_60(1.0),Recycling rate of municipal waste,A,Annual,PC,Percentage,LU,Luxembourg,2009,,46.4,,,,,
dataflow,ESTAT:SDG_11_60(1.0),Recycling rate of municipal waste,A,Annual,PC,Percentage,LU,Luxembourg,2010,,46.5,,,,,
dataflow,ESTAT:SDG_11_60(1.0),Recycling rate of municipal waste,A,Annual,PC,Percentage,LU,Luxembourg,2011,,46.4,,,,,
dataflow,ESTAT:SDG_11_60(1.0),Recycling rate of municipal waste,A,Annual,PC,Percentage,LU,Luxembourg,2012,,47.4,,,,,
dataflow,ESTAT:SDG_11_60(1.0),Recycling rate of municipal waste,A,Annual,PC,Percentage,LU,Luxembourg,2013,,46.3,,,,,
dataflow,ESTAT:SDG_11_60(1.0),Recycling rate of municipal waste,A,Annual,PC,Percentage,LU,Luxembourg,2014,,47.7,,,,,
dataflow,ESTAT:SDG_11_60(1.0),Recycling rate of municipal waste,A,Annual,PC,Percentage,LU,Luxembourg,2015,,47.4,,,,,
dataflow,ESTAT:SDG_11_60(1.0),Recycling rate of municipal waste,A,Annual,PC,Percentage,LU,Luxembourg,2016,,49.2,,b,break in time series,,
dataflow,ESTAT:SDG_11_60(1.0),Recycling rate of municipal waste,A,Annual,PC,Percentage,LU,Luxembourg,2017,,48.9,,,,,
dataflow,ESTAT:SDG_11_60(1.0),Recycling rate of municipal waste,A,Annual,PC,Percentage,LU,Luxembourg,2018,,49.0,,,,,
dataflow,ESTAT:SDG_11_60(1.0),Recycling rate of municipal waste,A,Annual,PC,Percentage,LU,Luxembourg,2019,,48.9,,e,estimated,,
dataflow,ESTAT:SDG_11_60(1.0),Recycling rate of municipal waste,A,Annual,PC,Percentage,LU,Luxembourg,2020,,52.8,,,,,
dataflow,ESTAT:SDG_11_60(1.0),Recycling rate of municipal waste,A,Annual,PC,Percentage,LU,Luxembourg,2021,,55.3,,,,,
dataflow,ESTAT:SDG_11_60(1.0),Recycling rate of municipal waste,A,Annual,PC,Percentage,LU,Luxembourg,2022,,55.6,,,,,
dataflow,ESTAT:SDG_11_60(1.0),Recycling rate of municipal waste,A,Annual,PC,Percentage,LU,Luxembourg,2023,,56.5,,,,,
dataflow,ESTAT:SDG_11_60(1.0),Recycling rate of municipal waste,A,Annual,PC,Percentage,LV,Latvia,2000,,0.0,,e,estimated,,
dataflow,ESTAT:SDG_11_60(1.0),Recycling rate of municipal waste,A,Annual,PC,Percentage,LV,Latvia,2001,,0.4,,e,estimated,,
dataflow,ESTAT:SDG_11_60(1.0),Recycling rate of municipal waste,A,Annual,PC,Percentage,LV,Latvia,2002,,0.4,,b,break in time series,,
dataflow,ESTAT:SDG_11_60(1.0),Recycling rate of municipal waste,A,Annual,PC,Percentage,LV,Latvia,2003,,2.3,,,,,
dataflow,ESTAT:SDG_11_60(1.0),Recycling rate of municipal waste,A,Annual,PC,Percentage,LV,Latvia,2004,,4.4,,,,,
dataflow,ESTAT:SDG_11_60(1.0),Recycling rate of municipal waste,A,Annual,PC,Percentage,LV,Latvia,2005,,3.9,,,,,
dataflow,ESTAT:SDG_11_60(1.0),Recycling rate of municipal waste,A,Annual,PC,Percentage,LV,Latvia,2006,,4.5,,,,,
dataflow,ESTAT:SDG_11_60(1.0),Recycling rate of municipal waste,A,Annual,PC,Percentage,LV,Latvia,2007,,5.0,,,,,
dataflow,ESTAT:SDG_11_60(1.0),Recycling rate of municipal waste,A,Annual,PC,Percentage,LV,Latvia,2008,,6.4,,,,,
dataflow,ESTAT:SDG_11_60(1.0),Recycling rate of municipal waste,A,Annual,PC,Percentage,LV,Latvia,2009,,7.7,,,,,
dataflow,ESTAT:SDG_11_60(1.0),Recycling rate of municipal waste,A,Annual,PC,Percentage,LV,Latvia,2010,,9.4,,,,,
dataflow,ESTAT:SDG_11_60(1.0),Recycling rate of municipal waste,A,Annual,PC,Percentage,LV,Latvia,2011,,9.7,,,,,
dataflow,ESTAT:SDG_11_60(1.0),Recycling rate of municipal waste,A,Annual,PC,Percentage,LV,Latvia,2012,,14.6,,,,,
dataflow,ESTAT:SDG_11_60(1.0),Recycling rate of municipal waste,A,Annual,PC,Percentage,LV,Latvia,2013,,25.9,,,,,
dataflow,ESTAT:SDG_11_60(1.0),Recycling rate of municipal waste,A,Annual,PC,Percentage,LV,Latvia,2014,,27.0,,,,,
dataflow,ESTAT:SDG_11_60(1.0),Recycling rate of municipal waste,A,Annual,PC,Percentage,LV,Latvia,2015,,28.7,,,,,
dataflow,ESTAT:SDG_11_60(1.0),Recycling rate of municipal waste,A,Annual,PC,Percentage,LV,Latvia,2016,,25.2,,,,,
dataflow,ESTAT:SDG_11_60(1.0),Recycling rate of municipal waste,A,Annual,PC,Percentage,LV,Latvia,2017,,24.8,,,,,
dataflow,ESTAT:SDG_11_60(1.0),Recycling rate of municipal waste,A,Annual,PC,Percentage,LV,Latvia,2018,,25.2,,,,,
dataflow,ESTAT:SDG_11_60(1.0),Recycling rate of municipal waste,A,Annual,PC,Percentage,LV,Latvia,2019,,41.0,,,,,
dataflow,ESTAT:SDG_11_60(1.0),Recycling rate of municipal waste,A,Annual,PC,Percentage,LV,Latvia,2020,,39.7,,,,,
dataflow,ESTAT:SDG_11_60(1.0),Recycling rate of municipal waste,A,Annual,PC,Percentage,LV,Latvia,2021,,44.1,,,,,
dataflow,ESTAT:SDG_11_60(1.0),Recycling rate of municipal waste,A,Annual,PC,Percentage,LV,Latvia,2022,,50.8,,,,,
dataflow,ESTAT:SDG_11_60(1.0),Recycling rate of municipal waste,A,Annual,PC,Percentage,ME,Montenegro,2018,,3.7,,e,estimated,,
dataflow,ESTAT:SDG_11_60(1.0),Recycling rate of municipal waste,A,Annual,PC,Percentage,ME,Montenegro,2019,,5.3,,e,estimated,,
dataflow,ESTAT:SDG_11_60(1.0),Recycling rate of municipal waste,A,Annual,PC,Percentage,ME,Montenegro,2020,,4.6,,e,estimated,,
dataflow,ESTAT:SDG_11_60(1.0),Recycling rate of municipal waste,A,Annual,PC,Percentage,ME,Montenegro,2021,,4.7,,e,estimated,,
dataflow,ESTAT:SDG_11_60(1.0),Recycling rate of municipal waste,A,Annual,PC,Percentage,ME,Montenegro,2022,,4.2,,e,estimated,,
dataflow,ESTAT:SDG_11_60(1.0),Recycling rate of municipal waste,A,Annual,PC,Percentage,ME,Montenegro,2023,,3.7,,e,estimated,,
dataflow,ESTAT:SDG_11_60(1.0),Recycling rate of municipal waste,A,Annual,PC,Percentage,MK,North Macedonia,2008,,0.0,,e,estimated,,
dataflow,ESTAT:SDG_11_60(1.0),Recycling rate of municipal waste,A,Annual,PC,Percentage,MK,North Macedonia,2011,,0.0,,,,,
dataflow,ESTAT:SDG_11_60(1.0),Recycling rate of municipal waste,A,Annual,PC,Percentage,MK,North Macedonia,2022,,0.0,,e,estimated,,
dataflow,ESTAT:SDG_11_60(1.0),Recycling rate of municipal waste,A,Annual,PC,Percentage,MK,North Macedonia,2023,,0.0,,e,estimated,,
dataflow,ESTAT:SDG_11_60(1.0),Recycling rate of municipal waste,A,Annual,PC,Percentage,MT,Malta,2000,,9.6,,,,,
dataflow,ESTAT:SDG_11_60(1.0),Recycling rate of municipal waste,A,Annual,PC,Percentage,MT,Malta,2001,,9.0,,,,,
dataflow,ESTAT:SDG_11_60(1.0),Recycling rate of municipal waste,A,Annual,PC,Percentage,MT,Malta,2002,,4.7,,,,,
dataflow,ESTAT:SDG_11_60(1.0),Recycling rate of municipal waste,A,Annual,PC,Percentage,MT,Malta,2003,,6.5,,,,,
dataflow,ESTAT:SDG_11_60(1.0),Recycling rate of municipal waste,A,Annual,PC,Percentage,MT,Malta,2004,,6.3,,,,,
dataflow,ESTAT:SDG_11_60(1.0),Recycling rate of municipal waste,A,Annual,PC,Percentage,MT,Malta,2005,,9.1,,,,,
dataflow,ESTAT:SDG_11_60(1.0),Recycling rate of municipal waste,A,Annual,PC,Percentage,MT,Malta,2006,,13.7,,,,,
dataflow,ESTAT:SDG_11_60(1.0),Recycling rate of municipal waste,A,Annual,PC,Percentage,MT,Malta,2007,,4.7,,,,,
dataflow,ESTAT:SDG_11_60(1.0),Recycling rate of municipal waste,A,Annual,PC,Percentage,MT,Malta,2008,,5.0,,,,,
dataflow,ESTAT:SDG_11_60(1.0),Recycling rate of municipal waste,A,Annual,PC,Percentage,MT,Malta,2009,,6.9,,,,,
dataflow,ESTAT:SDG_11_60(1.0),Recycling rate of municipal waste,A,Annual,PC,Percentage,MT,Malta,2010,,8.9,,,,,
dataflow,ESTAT:SDG_11_60(1.0),Recycling rate of municipal waste,A,Annual,PC,Percentage,MT,Malta,2011,,15.4,,,,,
dataflow,ESTAT:SDG_11_60(1.0),Recycling rate of municipal waste,A,Annual,PC,Percentage,MT,Malta,2012,,14.8,,,,,
dataflow,ESTAT:SDG_11_60(1.0),Recycling rate of municipal waste,A,Annual,PC,Percentage,MT,Malta,2013,,12.5,,,,,
dataflow,ESTAT:SDG_11_60(1.0),Recycling rate of municipal waste,A,Annual,PC,Percentage,MT,Malta,2014,,11.7,,,,,
dataflow,ESTAT:SDG_11_60(1.0),Recycling rate of municipal waste,A,Annual,PC,Percentage,MT,Malta,2015,,10.9,,,,,
dataflow,ESTAT:SDG_11_60(1.0),Recycling rate of municipal waste,A,Annual,PC,Percentage,MT,Malta,2016,,12.7,,,,,
dataflow,ESTAT:SDG_11_60(1.0),Recycling rate of municipal waste,A,Annual,PC,Percentage,MT,Malta,2017,,11.5,,,,,
dataflow,ESTAT:SDG_11_60(1.0),Recycling rate of municipal waste,A,Annual,PC,Percentage,MT,Malta,2018,,10.4,,,,,
dataflow,ESTAT:SDG_11_60(1.0),Recycling rate of municipal waste,A,Annual,PC,Percentage,MT,Malta,2019,,9.1,,,,,
dataflow,ESTAT:SDG_11_60(1.0),Recycling rate of municipal waste,A,Annual,PC,Percentage,MT,Malta,2020,,10.9,,,,,
dataflow,ESTAT:SDG_11_60(1.0),Recycling rate of municipal waste,A,Annual,PC,Percentage,MT,Malta,2021,,13.6,,,,,
dataflow,ESTAT:SDG_11_60(1.0),Recycling rate of municipal waste,A,Annual,PC,Percentage,MT,Malta,2022,,12.5,,,,,
dataflow,ESTAT:SDG_11_60(1.0),Recycling rate of municipal waste,A,Annual,PC,Percentage,MT,Malta,2023,,17.4,,,,,
dataflow,ESTAT:SDG_11_60(1.0),Recycling rate of municipal waste,A,Annual,PC,Percentage,NL,Netherlands,2000,,44.1,,,,,
dataflow,ESTAT:SDG_11_60(1.0),Recycling rate of municipal waste,A,Annual,PC,Percentage,NL,Netherlands,2001,,43.7,,,,,
dataflow,ESTAT:SDG_11_60(1.0),Recycling rate of municipal waste,A,Annual,PC,Percentage,NL,Netherlands,2002,,45.3,,,,,
dataflow,ESTAT:SDG_11_60(1.0),Recycling rate of municipal waste,A,Annual,PC,Percentage,NL,Netherlands,2003,,45.6,,,,,
dataflow,ESTAT:SDG_11_60(1.0),Recycling rate of municipal waste,A,Annual,PC,Percentage,NL,Netherlands,2004,,46.9,,,,,
dataflow,ESTAT:SDG_11_60(1.0),Recycling rate of municipal waste,A,Annual,PC,Percentage,NL,Netherlands,2005,,46.7,,,,,
dataflow,ESTAT:SDG_11_60(1.0),Recycling rate of municipal waste,A,Annual,PC,Percentage,NL,Netherlands,2006,,46.8,,,,,
dataflow,ESTAT:SDG_11_60(1.0),Recycling rate of municipal waste,A,Annual,PC,Percentage,NL,Netherlands,2007,,48.3,,,,,
dataflow,ESTAT:SDG_11_60(1.0),Recycling rate of municipal waste,A,Annual,PC,Percentage,NL,Netherlands,2008,,48.4,,b,break in time series,,
dataflow,ESTAT:SDG_11_60(1.0),Recycling rate of municipal waste,A,Annual,PC,Percentage,NL,Netherlands,2009,,49.1,,,,,
dataflow,ESTAT:SDG_11_60(1.0),Recycling rate of municipal waste,A,Annual,PC,Percentage,NL,Netherlands,2010,,49.2,,,,,
dataflow,ESTAT:SDG_11_60(1.0),Recycling rate of municipal waste,A,Annual,PC,Percentage,NL,Netherlands,2011,,49.1,,,,,
dataflow,ESTAT:SDG_11_60(1.0),Recycling rate of municipal waste,A,Annual,PC,Percentage,NL,Netherlands,2012,,49.4,,,,,
dataflow,ESTAT:SDG_11_60(1.0),Recycling rate of municipal waste,A,Annual,PC,Percentage,NL,Netherlands,2013,,49.8,,,,,
dataflow,ESTAT:SDG_11_60(1.0),Recycling rate of municipal waste,A,Annual,PC,Percentage,NL,Netherlands,2014,,50.9,,,,,
dataflow,ESTAT:SDG_11_60(1.0),Recycling rate of municipal waste,A,Annual,PC,Percentage,NL,Netherlands,2015,,51.8,,,,,
dataflow,ESTAT:SDG_11_60(1.0),Recycling rate of municipal waste,A,Annual,PC,Percentage,NL,Netherlands,2016,,53.5,,,,,
dataflow,ESTAT:SDG_11_60(1.0),Recycling rate of municipal waste,A,Annual,PC,Percentage,NL,Netherlands,2017,,54.6,,,,,
dataflow,ESTAT:SDG_11_60(1.0),Recycling rate of municipal waste,A,Annual,PC,Percentage,NL,Netherlands,2018,,55.9,,,,,
dataflow,ESTAT:SDG_11_60(1.0),Recycling rate of municipal waste,A,Annual,PC,Percentage,NL,Netherlands,2019,,56.9,,,,,
dataflow,ESTAT:SDG_11_60(1.0),Recycling rate of municipal waste,A,Annual,PC,Percentage,NL,Netherlands,2020,,57.0,,,,,
dataflow,ESTAT:SDG_11_60(1.0),Recycling rate of municipal waste,A,Annual,PC,Percentage,NL,Netherlands,2021,,57.8,,,,,
dataflow,ESTAT:SDG_11_60(1.0),Recycling rate of municipal waste,A,Annual,PC,Percentage,NL,Netherlands,2022,,57.6,,p,provisional,,
dataflow,ESTAT:SDG_11_60(1.0),Recycling rate of municipal waste,A,Annual,PC,Percentage,NL,Netherlands,2023,,58.4,,,,,
dataflow,ESTAT:SDG_11_60(1.0),Recycling rate of municipal waste,A,Annual,PC,Percentage,NO,Norway,2000,,30.6,,,,,
dataflow,ESTAT:SDG_11_60(1.0),Recycling rate of municipal waste,A,Annual,PC,Percentage,NO,Norway,2001,,44.4,,b,break in time series,,
dataflow,ESTAT:SDG_11_60(1.0),Recycling rate of municipal waste,A,Annual,PC,Percentage,NO,Norway,2002,,45.3,,,,,
dataflow,ESTAT:SDG_11_60(1.0),Recycling rate of municipal waste,A,Annual,PC,Percentage,NO,Norway,2003,,45.8,,,,,
dataflow,ESTAT:SDG_11_60(1.0),Recycling rate of municipal waste,A,Annual,PC,Percentage,NO,Norway,2004,,36.5,,,,,
dataflow,ESTAT:SDG_11_60(1.0),Recycling rate of municipal waste,A,Annual,PC,Percentage,NO,Norway,2005,,39.3,,,,,
dataflow,ESTAT:SDG_11_60(1.0),Recycling rate of municipal waste,A,Annual,PC,Percentage,NO,Norway,2006,,40.3,,,,,
dataflow,ESTAT:SDG_11_60(1.0),Recycling rate of municipal waste,A,Annual,PC,Percentage,NO,Norway,2007,,42.6,,,,,
dataflow,ESTAT:SDG_11_60(1.0),Recycling rate of municipal waste,A,Annual,PC,Percentage,NO,Norway,2008,,43.6,,,,,
dataflow,ESTAT:SDG_11_60(1.0),Recycling rate of municipal waste,A,Annual,PC,Percentage,NO,Norway,2009,,43.0,,,,,
dataflow,ESTAT:SDG_11_60(1.0),Recycling rate of municipal waste,A,Annual,PC,Percentage,NO,Norway,2010,,42.1,,,,,
dataflow,ESTAT:SDG_11_60(1.0),Recycling rate of municipal waste,A,Annual,PC,Percentage,NO,Norway,2011,,39.9,,,,,
dataflow,ESTAT:SDG_11_60(1.0),Recycling rate of municipal waste,A,Annual,PC,Percentage,NO,Norway,2012,,39.8,,,,,
dataflow,ESTAT:SDG_11_60(1.0),Recycling rate of municipal waste,A,Annual,PC,Percentage,NO,Norway,2013,,39.2,,,,,
dataflow,ESTAT:SDG_11_60(1.0),Recycling rate of municipal waste,A,Annual,PC,Percentage,NO,Norway,2014,,42.2,,b,break in time series,,
dataflow,ESTAT:SDG_11_60(1.0),Recycling rate of municipal waste,A,Annual,PC,Percentage,NO,Norway,2015,,42.8,,,,,
dataflow,ESTAT:SDG_11_60(1.0),Recycling rate of municipal waste,A,Annual,PC,Percentage,NO,Norway,2016,,38.2,,b,break in time series,,
dataflow,ESTAT:SDG_11_60(1.0),Recycling rate of municipal waste,A,Annual,PC,Percentage,NO,Norway,2017,,38.8,,,,,
dataflow,ESTAT:SDG_11_60(1.0),Recycling rate of municipal waste,A,Annual,PC,Percentage,NO,Norway,2018,,40.7,,,,,
dataflow,ESTAT:SDG_11_60(1.0),Recycling rate of municipal waste,A,Annual,PC,Percentage,NO,Norway,2019,,40.9,,,,,
dataflow,ESTAT:SDG_11_60(1.0),Recycling rate of municipal waste,A,Annual,PC,Percentage,NO,Norway,2020,,45.0,,b,break in time series,,
dataflow,ESTAT:SDG_11_60(1.0),Recycling rate of municipal waste,A,Annual,PC,Percentage,NO,Norway,2021,,38.2,,,,,
dataflow,ESTAT:SDG_11_60(1.0),Recycling rate of municipal waste,A,Annual,PC,Percentage,NO,Norway,2022,,41.2,,,,,
dataflow,ESTAT:SDG_11_60(1.0),Recycling rate of municipal waste,A,Annual,PC,Percentage,NO,Norway,2023,,41.7,,,,,
dataflow,ESTAT:SDG_11_60(1.0),Recycling rate of municipal waste,A,Annual,PC,Percentage,PL,Poland,2000,,2.1,,,,,
dataflow,ESTAT:SDG_11_60(1.0),Recycling rate of municipal waste,A,Annual,PC,Percentage,PL,Poland,2001,,4.1,,,,,
dataflow,ESTAT:SDG_11_60(1.0),Recycling rate of municipal waste,A,Annual,PC,Percentage,PL,Poland,2002,,3.1,,,,,
dataflow,ESTAT:SDG_11_60(1.0),Recycling rate of municipal waste,A,Annual,PC,Percentage,PL,Poland,2003,,2.8,,,,,
dataflow,ESTAT:SDG_11_60(1.0),Recycling rate of municipal waste,A,Annual,PC,Percentage,PL,Poland,2004,,4.9,,,,,
dataflow,ESTAT:SDG_11_60(1.0),Recycling rate of municipal waste,A,Annual,PC,Percentage,PL,Poland,2005,,5.6,,be,"break in time series, estimated",,
dataflow,ESTAT:SDG_11_60(1.0),Recycling rate of municipal waste,A,Annual,PC,Percentage,PL,Poland,2006,,6.9,,e,estimated,,
dataflow,ESTAT:SDG_11_60(1.0),Recycling rate of municipal waste,A,Annual,PC,Percentage,PL,Poland,2007,,7.7,,e,estimated,,
dataflow,ESTAT:SDG_11_60(1.0),Recycling rate of municipal waste,A,Annual,PC,Percentage,PL,Poland,2008,,10.5,,e,estimated,,
dataflow,ESTAT:SDG_11_60(1.0),Recycling rate of municipal waste,A,Annual,PC,Percentage,PL,Poland,2009,,13.2,,be,"break in time series, estimated",,
dataflow,ESTAT:SDG_11_60(1.0),Recycling rate of municipal waste,A,Annual,PC,Percentage,PL,Poland,2010,,16.3,,e,estimated,,
dataflow,ESTAT:SDG_11_60(1.0),Recycling rate of municipal waste,A,Annual,PC,Percentage,PL,Poland,2011,,11.4,,e,estimated,,
dataflow,ESTAT:SDG_11_60(1.0),Recycling rate of municipal waste,A,Annual,PC,Percentage,PL,Poland,2012,,12.0,,e,estimated,,
dataflow,ESTAT:SDG_11_60(1.0),Recycling rate of municipal waste,A,Annual,PC,Percentage,PL,Poland,2013,,15.1,,be,"break in time series, estimated",,
dataflow,ESTAT:SDG_11_60(1.0),Recycling rate of municipal waste,A,Annual,PC,Percentage,PL,Poland,2014,,26.5,,be,"break in time series, estimated",,
dataflow,ESTAT:SDG_11_60(1.0),Recycling rate of municipal waste,A,Annual,PC,Percentage,PL,Poland,2015,,32.5,,e,estimated,,
dataflow,ESTAT:SDG_11_60(1.0),Recycling rate of municipal waste,A,Annual,PC,Percentage,PL,Poland,2016,,34.8,,e,estimated,,
dataflow,ESTAT:SDG_11_60(1.0),Recycling rate of municipal waste,A,Annual,PC,Percentage,PL,Poland,2017,,33.8,,e,estimated,,
dataflow,ESTAT:SDG_11_60(1.0),Recycling rate of municipal waste,A,Annual,PC,Percentage,PL,Poland,2018,,34.3,,e,estimated,,
dataflow,ESTAT:SDG_11_60(1.0),Recycling rate of municipal waste,A,Annual,PC,Percentage,PL,Poland,2019,,34.1,,e,estimated,,
dataflow,ESTAT:SDG_11_60(1.0),Recycling rate of municipal waste,A,Annual,PC,Percentage,PL,Poland,2020,,38.7,,,,,
dataflow,ESTAT:SDG_11_60(1.0),Recycling rate of municipal waste,A,Annual,PC,Percentage,PL,Poland,2021,,40.3,,,,,
dataflow,ESTAT:SDG_11_60(1.0),Recycling rate of municipal waste,A,Annual,PC,Percentage,PL,Poland,2022,,40.9,,,,,
dataflow,ESTAT:SDG_11_60(1.0),Recycling rate of municipal waste,A,Annual,PC,Percentage,PL,Poland,2023,,27.6,,b,break in time series,,
dataflow,ESTAT:SDG_11_60(1.0),Recycling rate of municipal waste,A,Annual,PC,Percentage,PT,Portugal,2000,,10.5,,,,,
dataflow,ESTAT:SDG_11_60(1.0),Recycling rate of municipal waste,A,Annual,PC,Percentage,PT,Portugal,2001,,11.9,,,,,
dataflow,ESTAT:SDG_11_60(1.0),Recycling rate of municipal waste,A,Annual,PC,Percentage,PT,Portugal,2002,,7.6,,b,break in time series,,
dataflow,ESTAT:SDG_11_60(1.0),Recycling rate of municipal waste,A,Annual,PC,Percentage,PT,Portugal,2003,,10.9,,,,,
dataflow,ESTAT:SDG_11_60(1.0),Recycling rate of municipal waste,A,Annual,PC,Percentage,PT,Portugal,2004,,13.5,,,,,
dataflow,ESTAT:SDG_11_60(1.0),Recycling rate of municipal waste,A,Annual,PC,Percentage,PT,Portugal,2005,,15.2,,,,,
dataflow,ESTAT:SDG_11_60(1.0),Recycling rate of municipal waste,A,Annual,PC,Percentage,PT,Portugal,2006,,15.9,,,,,
dataflow,ESTAT:SDG_11_60(1.0),Recycling rate of municipal waste,A,Annual,PC,Percentage,PT,Portugal,2007,,17.1,,b,break in time series,,
dataflow,ESTAT:SDG_11_60(1.0),Recycling rate of municipal waste,A,Annual,PC,Percentage,PT,Portugal,2008,,17.3,,,,,
dataflow,ESTAT:SDG_11_60(1.0),Recycling rate of municipal waste,A,Annual,PC,Percentage,PT,Portugal,2009,,19.5,,,,,
dataflow,ESTAT:SDG_11_60(1.0),Recycling rate of municipal waste,A,Annual,PC,Percentage,PT,Portugal,2010,,18.7,,,,,
dataflow,ESTAT:SDG_11_60(1.0),Recycling rate of municipal waste,A,Annual,PC,Percentage,PT,Portugal,2011,,20.1,,,,,
dataflow,ESTAT:SDG_11_60(1.0),Recycling rate of municipal waste,A,Annual,PC,Percentage,PT,Portugal,2012,,26.1,,,,,
dataflow,ESTAT:SDG_11_60(1.0),Recycling rate of municipal waste,A,Annual,PC,Percentage,PT,Portugal,2013,,25.8,,,,,
dataflow,ESTAT:SDG_11_60(1.0),Recycling rate of municipal waste,A,Annual,PC,Percentage,PT,Portugal,2014,,30.4,,,,,
dataflow,ESTAT:SDG_11_60(1.0),Recycling rate of municipal waste,A,Annual,PC,Percentage,PT,Portugal,2015,,29.8,,b,break in time series,,
dataflow,ESTAT:SDG_11_60(1.0),Recycling rate of municipal waste,A,Annual,PC,Percentage,PT,Portugal,2016,,30.9,,,,,
dataflow,ESTAT:SDG_11_60(1.0),Recycling rate of municipal waste,A,Annual,PC,Percentage,PT,Portugal,2017,,29.1,,,,,
dataflow,ESTAT:SDG_11_60(1.0),Recycling rate of municipal waste,A,Annual,PC,Percentage,PT,Portugal,2018,,29.1,,,,,
dataflow,ESTAT:SDG_11_60(1.0),Recycling rate of municipal waste,A,Annual,PC,Percentage,PT,Portugal,2019,,28.9,,,,,
dataflow,ESTAT:SDG_11_60(1.0),Recycling rate of municipal waste,A,Annual,PC,Percentage,PT,Portugal,2020,,26.8,,,,,
dataflow,ESTAT:SDG_11_60(1.0),Recycling rate of municipal waste,A,Annual,PC,Percentage,PT,Portugal,2021,,30.4,,,,,
dataflow,ESTAT:SDG_11_60(1.0),Recycling rate of municipal waste,A,Annual,PC,Percentage,PT,Portugal,2022,,30.2,,,,,
dataflow,ESTAT:SDG_11_60(1.0),Recycling rate of municipal waste,A,Annual,PC,Percentage,PT,Portugal,2023,,30.6,,,,,
dataflow,ESTAT:SDG_11_60(1.0),Recycling rate of municipal waste,A,Annual,PC,Percentage,RO,Romania,2000,,0.0,,e,estimated,,
dataflow,ESTAT:SDG_11_60(1.0),Recycling rate of municipal waste,A,Annual,PC,Percentage,RO,Romania,2001,,1.6,,e,estimated,,
dataflow,ESTAT:SDG_11_60(1.0),Recycling rate of municipal waste,A,Annual,PC,Percentage,RO,Romania,2002,,2.0,,e,estimated,,
dataflow,ESTAT:SDG_11_60(1.0),Recycling rate of municipal waste,A,Annual,PC,Percentage,RO,Romania,2003,,0.2,,be,"break in time series, estimated",,
dataflow,ESTAT:SDG_11_60(1.0),Recycling rate of municipal waste,A,Annual,PC,Percentage,RO,Romania,2004,,1.1,,e,estimated,,
dataflow,ESTAT:SDG_11_60(1.0),Recycling rate of municipal waste,A,Annual,PC,Percentage,RO,Romania,2005,,1.8,,e,estimated,,
dataflow,ESTAT:SDG_11_60(1.0),Recycling rate of municipal waste,A,Annual,PC,Percentage,RO,Romania,2006,,0.5,,e,estimated,,
dataflow,ESTAT:SDG_11_60(1.0),Recycling rate of municipal waste,A,Annual,PC,Percentage,RO,Romania,2007,,0.5,,e,estimated,,
dataflow,ESTAT:SDG_11_60(1.0),Recycling rate of municipal waste,A,Annual,PC,Percentage,RO,Romania,2008,,0.9,,e,estimated,,
dataflow,ESTAT:SDG_11_60(1.0),Recycling rate of municipal waste,A,Annual,PC,Percentage,RO,Romania,2009,,1.1,,e,estimated,,
dataflow,ESTAT:SDG_11_60(1.0),Recycling rate of municipal waste,A,Annual,PC,Percentage,RO,Romania,2010,,12.8,,b,break in time series,,
dataflow,ESTAT:SDG_11_60(1.0),Recycling rate of municipal waste,A,Annual,PC,Percentage,RO,Romania,2011,,11.7,,,,,
dataflow,ESTAT:SDG_11_60(1.0),Recycling rate of municipal waste,A,Annual,PC,Percentage,RO,Romania,2012,,14.8,,,,,
dataflow,ESTAT:SDG_11_60(1.0),Recycling rate of municipal waste,A,Annual,PC,Percentage,RO,Romania,2013,,13.2,,,,,
dataflow,ESTAT:SDG_11_60(1.0),Recycling rate of municipal waste,A,Annual,PC,Percentage,RO,Romania,2014,,13.1,,,,,
dataflow,ESTAT:SDG_11_60(1.0),Recycling rate of municipal waste,A,Annual,PC,Percentage,RO,Romania,2015,,13.3,,,,,
dataflow,ESTAT:SDG_11_60(1.0),Recycling rate of municipal waste,A,Annual,PC,Percentage,RO,Romania,2016,,13.4,,,,,
dataflow,ESTAT:SDG_11_60(1.0),Recycling rate of municipal waste,A,Annual,PC,Percentage,RO,Romania,2017,,14.0,,,,,
dataflow,ESTAT:SDG_11_60(1.0),Recycling rate of municipal waste,A,Annual,PC,Percentage,RO,Romania,2018,,11.1,,,,,
dataflow,ESTAT:SDG_11_60(1.0),Recycling rate of municipal waste,A,Annual,PC,Percentage,RO,Romania,2019,,11.5,,,,,
dataflow,ESTAT:SDG_11_60(1.0),Recycling rate of municipal waste,A,Annual,PC,Percentage,RO,Romania,2020,,12.2,,,,,
dataflow,ESTAT:SDG_11_60(1.0),Recycling rate of municipal waste,A,Annual,PC,Percentage,RO,Romania,2021,,12.3,,,,,
dataflow,ESTAT:SDG_11_60(1.0),Recycling rate of municipal waste,A,Annual,PC,Percentage,RO,Romania,2022,,12.3,,,,,
dataflow,ESTAT:SDG_11_60(1.0),Recycling rate of municipal waste,A,Annual,PC,Percentage,RO,Romania,2023,,12.4,,,,,
dataflow,ESTAT:SDG_11_60(1.0),Recycling rate of municipal waste,A,Annual,PC,Percentage,RS,Serbia,2006,,0.0,,,,,
dataflow,ESTAT:SDG_11_60(1.0),Recycling rate of municipal waste,A,Annual,PC,Percentage,RS,Serbia,2007,,0.0,,,,,
dataflow,ESTAT:SDG_11_60(1.0),Recycling rate of municipal waste,A,Annual,PC,Percentage,RS,Serbia,2008,,0.0,,,,,
dataflow,ESTAT:SDG_11_60(1.0),Recycling rate of municipal waste,A,Annual,PC,Percentage,RS,Serbia,2009,,0.0,,,,,
dataflow,ESTAT:SDG_11_60(1.0),Recycling rate of municipal waste,A,Annual,PC,Percentage,RS,Serbia,2010,,0.0,,,,,
dataflow,ESTAT:SDG_11_60(1.0),Recycling rate of municipal waste,A,Annual,PC,Percentage,RS,Serbia,2011,,0.0,,,,,
dataflow,ESTAT:SDG_11_60(1.0),Recycling rate of municipal waste,A,Annual,PC,Percentage,RS,Serbia,2012,,0.0,,,,,
dataflow,ESTAT:SDG_11_60(1.0),Recycling rate of municipal waste,A,Annual,PC,Percentage,RS,Serbia,2013,,1.0,,,,,
dataflow,ESTAT:SDG_11_60(1.0),Recycling rate of municipal waste,A,Annual,PC,Percentage,RS,Serbia,2014,,0.7,,,,,
dataflow,ESTAT:SDG_11_60(1.0),Recycling rate of municipal waste,A,Annual,PC,Percentage,RS,Serbia,2015,,0.8,,,,,
dataflow,ESTAT:SDG_11_60(1.0),Recycling rate of municipal waste,A,Annual,PC,Percentage,RS,Serbia,2016,,0.3,,,,,
dataflow,ESTAT:SDG_11_60(1.0),Recycling rate of municipal waste,A,Annual,PC,Percentage,RS,Serbia,2017,,0.3,,,,,
dataflow,ESTAT:SDG_11_60(1.0),Recycling rate of municipal waste,A,Annual,PC,Percentage,RS,Serbia,2018,,0.3,,,,,
dataflow,ESTAT:SDG_11_60(1.0),Recycling rate of municipal waste,A,Annual,PC,Percentage,RS,Serbia,2019,,0.2,,,,,
dataflow,ESTAT:SDG_11_60(1.0),Recycling rate of municipal waste,A,Annual,PC,Percentage,RS,Serbia,2020,,15.4,,,,,
dataflow,ESTAT:SDG_11_60(1.0),Recycling rate of municipal waste,A,Annual,PC,Percentage,RS,Serbia,2021,,16.8,,,,,
dataflow,ESTAT:SDG_11_60(1.0),Recycling rate of municipal waste,A,Annual,PC,Percentage,RS,Serbia,2022,,17.6,,,,,
dataflow,ESTAT:SDG_11_60(1.0),Recycling rate of municipal waste,A,Annual,PC,Percentage,RS,Serbia,2023,,15.2,,,,,
dataflow,ESTAT:SDG_11_60(1.0),Recycling rate of municipal waste,A,Annual,PC,Percentage,SE,Sweden,2000,,38.5,,,,,
dataflow,ESTAT:SDG_11_60(1.0),Recycling rate of municipal waste,A,Annual,PC,Percentage,SE,Sweden,2001,,39.0,,,,,
dataflow,ESTAT:SDG_11_60(1.0),Recycling rate of municipal waste,A,Annual,PC,Percentage,SE,Sweden,2002,,39.7,,,,,
dataflow,ESTAT:SDG_11_60(1.0),Recycling rate of municipal waste,A,Annual,PC,Percentage,SE,Sweden,2003,,41.3,,,,,
dataflow,ESTAT:SDG_11_60(1.0),Recycling rate of municipal waste,A,Annual,PC,Percentage,SE,Sweden,2004,,43.9,,,,,
dataflow,ESTAT:SDG_11_60(1.0),Recycling rate of municipal waste,A,Annual,PC,Percentage,SE,Sweden,2005,,44.6,,,,,
dataflow,ESTAT:SDG_11_60(1.0),Recycling rate of municipal waste,A,Annual,PC,Percentage,SE,Sweden,2006,,47.7,,,,,
dataflow,ESTAT:SDG_11_60(1.0),Recycling rate of municipal waste,A,Annual,PC,Percentage,SE,Sweden,2007,,46.7,,,,,
dataflow,ESTAT:SDG_11_60(1.0),Recycling rate of municipal waste,A,Annual,PC,Percentage,SE,Sweden,2008,,45.6,,,,,
dataflow,ESTAT:SDG_11_60(1.0),Recycling rate of municipal waste,A,Annual,PC,Percentage,SE,Sweden,2009,,49.2,,,,,
dataflow,ESTAT:SDG_11_60(1.0),Recycling rate of municipal waste,A,Annual,PC,Percentage,SE,Sweden,2010,,47.8,,,,,
dataflow,ESTAT:SDG_11_60(1.0),Recycling rate of municipal waste,A,Annual,PC,Percentage,SE,Sweden,2011,,47.0,,,,,
dataflow,ESTAT:SDG_11_60(1.0),Recycling rate of municipal waste,A,Annual,PC,Percentage,SE,Sweden,2012,,46.9,,,,,
dataflow,ESTAT:SDG_11_60(1.0),Recycling rate of municipal waste,A,Annual,PC,Percentage,SE,Sweden,2013,,48.2,,,,,
dataflow,ESTAT:SDG_11_60(1.0),Recycling rate of municipal waste,A,Annual,PC,Percentage,SE,Sweden,2014,,49.3,,,,,
dataflow,ESTAT:SDG_11_60(1.0),Recycling rate of municipal waste,A,Annual,PC,Percentage,SE,Sweden,2015,,47.6,,,,,
dataflow,ESTAT:SDG_11_60(1.0),Recycling rate of municipal waste,A,Annual,PC,Percentage,SE,Sweden,2016,,48.4,,,,,
dataflow,ESTAT:SDG_11_60(1.0),Recycling rate of municipal waste,A,Annual,PC,Percentage,SE,Sweden,2017,,46.8,,,,,
dataflow,ESTAT:SDG_11_60(1.0),Recycling rate of municipal waste,A,Annual,PC,Percentage,SE,Sweden,2018,,45.8,,,,,
dataflow,ESTAT:SDG_11_60(1.0),Recycling rate of municipal waste,A,Annual,PC,Percentage,SE,Sweden,2019,,46.6,,,,,
dataflow,ESTAT:SDG_11_60(1.0),Recycling rate of municipal waste,A,Annual,PC,Percentage,SE,Sweden,2020,,38.3,,b,break in time series,,
dataflow,ESTAT:SDG_11_60(1.0),Recycling rate of municipal waste,A,Annual,PC,Percentage,SE,Sweden,2021,,39.5,,,,,
dataflow,ESTAT:SDG_11_60(1.0),Recycling rate of municipal waste,A,Annual,PC,Percentage,SE,Sweden,2022,,39.7,,,,,
dataflow,ESTAT:SDG_11_60(1.0),Recycling rate of municipal waste,A,Annual,PC,Percentage,SE,Sweden,2023,,39.4,,,,,
dataflow,ESTAT:SDG_11_60(1.0),Recycling rate of municipal waste,A,Annual,PC,Percentage,SI,Slovenia,2000,,6.0,,,,,
dataflow,ESTAT:SDG_11_60(1.0),Recycling rate of municipal waste,A,Annual,PC,Percentage,SI,Slovenia,2001,,2.7,,,,,
dataflow,ESTAT:SDG_11_60(1.0),Recycling rate of municipal waste,A,Annual,PC,Percentage,SI,Slovenia,2002,,9.0,,b,break in time series,,
dataflow,ESTAT:SDG_11_60(1.0),Recycling rate of municipal waste,A,Annual,PC,Percentage,SI,Slovenia,2003,,12.6,,,,,
dataflow,ESTAT:SDG_11_60(1.0),Recycling rate of municipal waste,A,Annual,PC,Percentage,SI,Slovenia,2004,,20.4,,,,,
dataflow,ESTAT:SDG_11_60(1.0),Recycling rate of municipal waste,A,Annual,PC,Percentage,SI,Slovenia,2005,,18.6,,,,,
dataflow,ESTAT:SDG_11_60(1.0),Recycling rate of municipal waste,A,Annual,PC,Percentage,SI,Slovenia,2006,,15.4,,,,,
dataflow,ESTAT:SDG_11_60(1.0),Recycling rate of municipal waste,A,Annual,PC,Percentage,SI,Slovenia,2007,,21.9,,,,,
dataflow,ESTAT:SDG_11_60(1.0),Recycling rate of municipal waste,A,Annual,PC,Percentage,SI,Slovenia,2008,,18.9,,,,,
dataflow,ESTAT:SDG_11_60(1.0),Recycling rate of municipal waste,A,Annual,PC,Percentage,SI,Slovenia,2009,,19.6,,,,,
dataflow,ESTAT:SDG_11_60(1.0),Recycling rate of municipal waste,A,Annual,PC,Percentage,SI,Slovenia,2010,,22.4,,,,,
dataflow,ESTAT:SDG_11_60(1.0),Recycling rate of municipal waste,A,Annual,PC,Percentage,SI,Slovenia,2011,,35.7,,,,,
dataflow,ESTAT:SDG_11_60(1.0),Recycling rate of municipal waste,A,Annual,PC,Percentage,SI,Slovenia,2012,,42.1,,,,,
dataflow,ESTAT:SDG_11_60(1.0),Recycling rate of municipal waste,A,Annual,PC,Percentage,SI,Slovenia,2013,,34.8,,b,break in time series,,
dataflow,ESTAT:SDG_11_60(1.0),Recycling rate of municipal waste,A,Annual,PC,Percentage,SI,Slovenia,2014,,36.0,,,,,
dataflow,ESTAT:SDG_11_60(1.0),Recycling rate of municipal waste,A,Annual,PC,Percentage,SI,Slovenia,2015,,54.1,,be,"break in time series, estimated",,
dataflow,ESTAT:SDG_11_60(1.0),Recycling rate of municipal waste,A,Annual,PC,Percentage,SI,Slovenia,2016,,55.5,,e,estimated,,
dataflow,ESTAT:SDG_11_60(1.0),Recycling rate of municipal waste,A,Annual,PC,Percentage,SI,Slovenia,2017,,57.8,,e,estimated,,
dataflow,ESTAT:SDG_11_60(1.0),Recycling rate of municipal waste,A,Annual,PC,Percentage,SI,Slovenia,2018,,58.9,,,,,
dataflow,ESTAT:SDG_11_60(1.0),Recycling rate of municipal waste,A,Annual,PC,Percentage,SI,Slovenia,2019,,59.2,,,,,
dataflow,ESTAT:SDG_11_60(1.0),Recycling rate of municipal waste,A,Annual,PC,Percentage,SI,Slovenia,2020,,59.3,,,,,
dataflow,ESTAT:SDG_11_60(1.0),Recycling rate of municipal waste,A,Annual,PC,Percentage,SI,Slovenia,2021,,60.8,,,,,
dataflow,ESTAT:SDG_11_60(1.0),Recycling rate of municipal waste,A,Annual,PC,Percentage,SI,Slovenia,2022,,62.6,,,,,
dataflow,ESTAT:SDG_11_60(1.0),Recycling rate of municipal waste,A,Annual,PC,Percentage,SI,Slovenia,2023,,59.8,,,,,
dataflow,ESTAT:SDG_11_60(1.0),Recycling rate of municipal waste,A,Annual,PC,Percentage,SK,Slovakia,2000,,5.2,,,,,
dataflow,ESTAT:SDG_11_60(1.0),Recycling rate of municipal waste,A,Annual,PC,Percentage,SK,Slovakia,2001,,5.4,,,,,
dataflow,ESTAT:SDG_11_60(1.0),Recycling rate of municipal waste,A,Annual,PC,Percentage,SK,Slovakia,2002,,4.8,,b,break in time series,,
dataflow,ESTAT:SDG_11_60(1.0),Recycling rate of municipal waste,A,Annual,PC,Percentage,SK,Slovakia,2003,,5.6,,,,,
dataflow,ESTAT:SDG_11_60(1.0),Recycling rate of municipal waste,A,Annual,PC,Percentage,SK,Slovakia,2004,,6.1,,,,,
dataflow,ESTAT:SDG_11_60(1.0),Recycling rate of municipal waste,A,Annual,PC,Percentage,SK,Slovakia,2005,,2.0,,b,break in time series,,
dataflow,ESTAT:SDG_11_60(1.0),Recycling rate of municipal waste,A,Annual,PC,Percentage,SK,Slovakia,2006,,4.0,,,,,
dataflow,ESTAT:SDG_11_60(1.0),Recycling rate of municipal waste,A,Annual,PC,Percentage,SK,Slovakia,2007,,6.6,,,,,
dataflow,ESTAT:SDG_11_60(1.0),Recycling rate of municipal waste,A,Annual,PC,Percentage,SK,Slovakia,2008,,7.4,,,,,
dataflow,ESTAT:SDG_11_60(1.0),Recycling rate of municipal waste,A,Annual,PC,Percentage,SK,Slovakia,2009,,8.3,,,,,
dataflow,ESTAT:SDG_11_60(1.0),Recycling rate of municipal waste,A,Annual,PC,Percentage,SK,Slovakia,2010,,9.1,,,,,
dataflow,ESTAT:SDG_11_60(1.0),Recycling rate of municipal waste,A,Annual,PC,Percentage,SK,Slovakia,2011,,10.9,,,,,
dataflow,ESTAT:SDG_11_60(1.0),Recycling rate of municipal waste,A,Annual,PC,Percentage,SK,Slovakia,2012,,13.4,,,,,
dataflow,ESTAT:SDG_11_60(1.0),Recycling rate of municipal waste,A,Annual,PC,Percentage,SK,Slovakia,2013,,10.8,,,,,
dataflow,ESTAT:SDG_11_60(1.0),Recycling rate of municipal waste,A,Annual,PC,Percentage,SK,Slovakia,2014,,10.4,,,,,
dataflow,ESTAT:SDG_11_60(1.0),Recycling rate of municipal waste,A,Annual,PC,Percentage,SK,Slovakia,2015,,14.9,,,,,
dataflow,ESTAT:SDG_11_60(1.0),Recycling rate of municipal waste,A,Annual,PC,Percentage,SK,Slovakia,2016,,23.0,,,,,
dataflow,ESTAT:SDG_11_60(1.0),Recycling rate of municipal waste,A,Annual,PC,Percentage,SK,Slovakia,2017,,29.8,,,,,
dataflow,ESTAT:SDG_11_60(1.0),Recycling rate of municipal waste,A,Annual,PC,Percentage,SK,Slovakia,2018,,36.3,,,,,
dataflow,ESTAT:SDG_11_60(1.0),Recycling rate of municipal waste,A,Annual,PC,Percentage,SK,Slovakia,2019,,38.5,,,,,
dataflow,ESTAT:SDG_11_60(1.0),Recycling rate of municipal waste,A,Annual,PC,Percentage,SK,Slovakia,2020,,45.3,,,,,
dataflow,ESTAT:SDG_11_60(1.0),Recycling rate of municipal waste,A,Annual,PC,Percentage,SK,Slovakia,2021,,48.9,,,,,
dataflow,ESTAT:SDG_11_60(1.0),Recycling rate of municipal waste,A,Annual,PC,Percentage,SK,Slovakia,2022,,49.5,,,,,
dataflow,ESTAT:SDG_11_60(1.0),Recycling rate of municipal waste,A,Annual,PC,Percentage,SK,Slovakia,2023,,50.3,,,,,
dataflow,ESTAT:SDG_11_60(1.0),Recycling rate of municipal waste,A,Annual,PC,Percentage,TR,Trkiye,2016,,9.2,,be,"break in time series, estimated",,
dataflow,ESTAT:SDG_11_60(1.0),Recycling rate of municipal waste,A,Annual,PC,Percentage,TR,Trkiye,2017,,9.2,,e,estimated,,
dataflow,ESTAT:SDG_11_60(1.0),Recycling rate of municipal waste,A,Annual,PC,Percentage,TR,Trkiye,2018,,11.5,,e,estimated,,
dataflow,ESTAT:SDG_11_60(1.0),Recycling rate of municipal waste,A,Annual,PC,Percentage,TR,Trkiye,2019,,11.5,,e,estimated,,
dataflow,ESTAT:SDG_11_60(1.0),Recycling rate of municipal waste,A,Annual,PC,Percentage,TR,Trkiye,2020,,12.3,,,,,
dataflow,ESTAT:SDG_11_60(1.0),Recycling rate of municipal waste,A,Annual,PC,Percentage,TR,Trkiye,2021,,12.3,,e,estimated,,
dataflow,ESTAT:SDG_11_60(1.0),Recycling rate of municipal waste,A,Annual,PC,Percentage,XK,Kosovo*,2020,,0.0,,,,,
dataflow,ESTAT:SDG_11_60(1.0),Recycling rate of municipal waste,A,Annual,PC,Percentage,XK,Kosovo*,2021,,2.5,,,,,
dataflow,ESTAT:SDG_11_60(1.0),Recycling rate of municipal waste,A,Annual,PC,Percentage,XK,Kosovo*,2022,,2.6,,,,,
dataflow,ESTAT:SDG_11_60(1.0),Recycling rate of municipal waste,A,Annual,PC,Percentage,XK,Kosovo*,2023,,3.5,,,,,
